-- MySQL dump 10.13  Distrib 8.0.34, for Win64 (x86_64)
--
-- Host: 194.87.190.90    Database: default_db
-- ------------------------------------------------------
-- Server version	8.0.22-13

/*!40101 SET @OLD_CHARACTER_SET_CLIENT=@@CHARACTER_SET_CLIENT */;
/*!40101 SET @OLD_CHARACTER_SET_RESULTS=@@CHARACTER_SET_RESULTS */;
/*!40101 SET @OLD_COLLATION_CONNECTION=@@COLLATION_CONNECTION */;
/*!50503 SET NAMES utf8mb4 */;
/*!40103 SET @OLD_TIME_ZONE=@@TIME_ZONE */;
/*!40103 SET TIME_ZONE='+00:00' */;
/*!40014 SET @OLD_UNIQUE_CHECKS=@@UNIQUE_CHECKS, UNIQUE_CHECKS=0 */;
/*!40014 SET @OLD_FOREIGN_KEY_CHECKS=@@FOREIGN_KEY_CHECKS, FOREIGN_KEY_CHECKS=0 */;
/*!40101 SET @OLD_SQL_MODE=@@SQL_MODE, SQL_MODE='NO_AUTO_VALUE_ON_ZERO' */;
/*!40111 SET @OLD_SQL_NOTES=@@SQL_NOTES, SQL_NOTES=0 */;
SET @MYSQLDUMP_TEMP_LOG_BIN = @@SESSION.SQL_LOG_BIN;
SET @@SESSION.SQL_LOG_BIN= 0;

--
-- GTID state at the beginning of the backup 
--

SET @@GLOBAL.GTID_PURGED=/*!80000 '+'*/ 'd9e62f08-9543-11ef-8734-525400123456:1-27409';

--
-- Table structure for table `achievements`
--

DROP TABLE IF EXISTS `achievements`;
/*!40101 SET @saved_cs_client     = @@character_set_client */;
/*!50503 SET character_set_client = utf8mb4 */;
CREATE TABLE `achievements` (
  `id` int NOT NULL AUTO_INCREMENT,
  `achievement_key` varchar(100) COLLATE utf8mb4_unicode_ci DEFAULT NULL,
  `name` varchar(255) COLLATE utf8mb4_unicode_ci NOT NULL,
  `description` text COLLATE utf8mb4_unicode_ci NOT NULL,
  `icon` varchar(10) COLLATE utf8mb4_unicode_ci NOT NULL,
  `xp_reward` int NOT NULL DEFAULT '0',
  `additional_reward` text COLLATE utf8mb4_unicode_ci,
  `category` varchar(50) COLLATE utf8mb4_unicode_ci NOT NULL,
  `requirement` text COLLATE utf8mb4_unicode_ci NOT NULL,
  `created_at` timestamp NULL DEFAULT CURRENT_TIMESTAMP,
  `updated_at` timestamp NULL DEFAULT CURRENT_TIMESTAMP ON UPDATE CURRENT_TIMESTAMP,
  PRIMARY KEY (`id`),
  UNIQUE KEY `name` (`name`),
  UNIQUE KEY `achievement_key` (`achievement_key`),
  KEY `idx_achievements_key` (`achievement_key`),
  KEY `idx_achievements_category` (`category`)
) ENGINE=InnoDB AUTO_INCREMENT=57 DEFAULT CHARSET=utf8mb4 COLLATE=utf8mb4_unicode_ci;
/*!40101 SET character_set_client = @saved_cs_client */;

--
-- Dumping data for table `achievements`
--

LOCK TABLES `achievements` WRITE;
/*!40000 ALTER TABLE `achievements` DISABLE KEYS */;
INSERT INTO `achievements` VALUES (1,'dragon_newbie','Дракон-новичок','Сделайте первый заказ','🐉',40,NULL,'Заказы','1 заказ','2025-10-21 20:20:16','2025-10-24 13:55:35'),(2,'lucky_start','Счастливый старт','Сделайте 3 заказа','🍀',150,NULL,'Заказы','3 заказа','2025-10-21 20:20:16','2026-01-30 10:23:58'),(3,'imperial_step','Императорский шаг','Сделайте 5 заказов','👑',250,NULL,'Заказы','5 заказов','2025-10-21 20:20:16','2026-01-30 10:23:58'),(4,'chain_orders','Цепь дракона','Сделайте 3 заказа в одну календарную неделю','⛓️',200,'Комиссия 600₽ вместо 1000₽ на неделю','Заказы','3 заказа за неделю','2025-10-21 20:20:16','2025-10-24 13:55:35'),(5,'order_marathon','Марафон заказов','10 заказов','🏃',500,'Комиссия 600₽ вместо 1000₽ на 7 дней','Заказы','10 заказов','2025-10-21 20:20:16','2026-01-30 10:23:58'),(6,'night_hunter','Суточный ритм','Сделайте заказ в ночное или утреннее время (22:00-10:00)','⏰',80,NULL,'Заказы','Заказ в ночное или утреннее время','2025-10-21 20:20:16','2025-10-24 13:55:35'),(7,'jubilee_order','Юбилейный заказ','10-й заказ','🎉',500,'Комиссия 600₽ вместо 1000₽ на 7 дней','Заказы','10 заказов','2025-10-21 20:20:16','2026-01-30 10:23:58'),(8,'delivery_master','Мастер доставки','20 заказов','📦',1000,NULL,'Заказы','20 заказов','2025-10-21 20:20:16','2026-01-30 10:23:58'),(9,'dragon_hunter','Охотник на драконов','Сумма заказов ≥ 10 000₽','🐲',300,'Комиссия 600₽ вместо 1000₽ на неделю','Заказы','10 000₽ заказов','2025-10-21 20:20:16','2026-01-30 10:23:58'),(10,'order_legend','Легенда заказов','50 заказов','⭐',2000,NULL,'Заказы','50 заказов','2025-10-21 20:20:16','2026-01-30 10:23:58'),(11,'first_exchange','Первый обмен','Первая покупка юаней','💰',100,NULL,'Юань','1 покупка юаней','2025-10-21 20:20:17','2026-01-30 10:23:58'),(12,'yuan_newbie','Юань-новичок','Купить 1 000 юаней','¥',200,NULL,'Юань','1 000 ¥','2025-10-21 20:20:17','2026-01-30 10:23:58'),(13,'currency_dragon','Валютный дракон','Купить 5 000 юаней','🐉',500,'Комиссия 600₽ вместо 1000₽ на неделю','Юань','5 000 ¥','2025-10-21 20:20:17','2026-01-30 10:23:58'),(14,'volume_exchange','Объёмный обмен','Купить юаней на 20 000₽','💎',400,NULL,'Юань','20 000₽','2025-10-21 20:20:17','2026-01-30 10:23:58'),(15,'yuan_master','Мастер юаней','Купить юаней на 100 000₽','👑',2000,'Комиссия 600₽ вместо 1000₽ на 7 дней','Юань','100 000₽','2025-10-21 20:20:17','2026-01-30 10:23:58'),(16,'first_follower','Первый последователь','Реферал запустил приложение по вашей ссылке','💛',200,NULL,'Рефералы','1 реферал по ссылке','2025-10-21 20:20:17','2026-01-30 10:23:58'),(17,'lucky_chain','Счастливая цепь','3 реферала','🔗',400,NULL,'Рефералы','3 реферала','2025-10-21 20:20:17','2026-01-30 10:23:58'),(18,'dragon_summoner','Дракон-призыватель','Ваш реферал должен сделать 1-ый заказ','📣',150,'Комиссия 600₽ вместо 1000₽ на неделю','Рефералы','Реферал сделал заказ','2025-10-21 20:20:17','2025-10-24 13:55:35'),(19,'referral_marathon','Реферальный марафон','10 рефералов','🏆',1500,NULL,'Рефералы','10 рефералов','2025-10-21 20:20:17','2026-01-30 10:23:58'),(20,'dragon_chain','Драконья цепь','Реферал 2-го уровня','📣',500,'Комиссия 600₽ вместо 1000₽ на 7 дней','Рефералы','Реферал привёл реферала','2025-10-21 20:20:17','2026-01-30 10:23:58'),(21,'daily_ritual','Ежедневный ритуал','Вход 3 дня подряд','☕',40,NULL,'Активность','3 дня подряд','2025-10-21 20:20:17','2026-01-30 10:23:58'),(22,'lunar_cycle','Лунный цикл','14 дней подряд','🌕',150,'Комиссия 600₽ вместо 1000₽ на неделю','Активность','14 дней подряд','2025-10-21 20:20:17','2026-01-30 10:23:58'),(23,'year_of_luck','Год удачи','365 дней с регистрации','🎋',1000,NULL,'Активность','365 дней','2025-10-21 20:20:17','2026-01-30 10:23:58'),(24,'active_calculator','Активный расчётчик','5 расчётов за неделю','📊',300,NULL,'Экономия','5 расчётов за неделю','2025-10-21 20:20:17','2026-01-30 10:23:58'),(25,'combo_activity','Комбо-активность','Расчёт и заказ в один день','⚡',200,'Комиссия 600₽ вместо 1000₽ на 7 дней','Творческие','Расчёт + заказ','2025-10-21 20:20:17','2026-01-30 10:23:58'),(26,'lucky_calculation','Расчет удачи','Сделайте первый расчет цены','💡',40,NULL,'Экономия','1 расчет цены','2025-10-21 20:20:17','2025-10-24 13:55:35'),(27,'economy_master','Мастер экономии','10 расчётов','⚖️',400,NULL,'Экономия','10 расчётов','2025-10-21 20:20:17','2026-01-30 10:23:58'),(28,'dragon_saver','Дракон-сберегатель','2 000₽ экономии','🐲',300,'Комиссия 600₽ вместо 1000₽ на неделю','Экономия','2 000₽ экономии','2025-10-21 20:20:17','2026-01-30 10:23:58'),(29,'imperial_economy','Имперская экономия','50 000₽ экономии','👑',2000,NULL,'Экономия','50 000₽ экономии','2025-10-21 20:20:17','2026-01-30 10:23:58'),(30,'calculation_combo','Расчётное комбо','3 расчёта в один день','🎯',200,'Комиссия 600₽ вместо 1000₽ на 7 дней','Экономия','3 расчёта за день','2025-10-21 20:20:17','2026-01-30 10:23:58'),(31,'weekly_devotion','Недельная преданность','7 дней подряд','📆',400,'Комиссия 600₽ вместо 1000₽ на 7 дней','Активность','7 дней подряд','2026-01-30 10:23:58','2026-01-30 10:23:58'),(32,'monthly_master','Месячный мастер','30 дней подряд','🗓️',1500,NULL,'Активность','30 дней подряд','2026-01-30 10:23:58','2026-01-30 10:23:58'),(33,'century_streak','Стрик века','100 дней подряд','💯',3000,NULL,'Активность','100 дней подряд','2026-01-30 10:23:58','2026-01-30 10:23:58');
/*!40000 ALTER TABLE `achievements` ENABLE KEYS */;
UNLOCK TABLES;

--
-- Table structure for table `delivery_tracking`
--

DROP TABLE IF EXISTS `delivery_tracking`;
/*!40101 SET @saved_cs_client     = @@character_set_client */;
/*!50503 SET character_set_client = utf8mb4 */;
CREATE TABLE `delivery_tracking` (
  `tracking_id` int NOT NULL AUTO_INCREMENT,
  `order_id` int NOT NULL,
  `internal_tracking_number` varchar(50) COLLATE utf8mb4_unicode_ci NOT NULL,
  `status` enum('Создан','Доставка внутри Китая','На складе в Китае','Отправлен на таможню','Доставка в РФ','Доставлен') COLLATE utf8mb4_unicode_ci DEFAULT 'Создан',
  `last_updated` timestamp NULL DEFAULT CURRENT_TIMESTAMP ON UPDATE CURRENT_TIMESTAMP,
  `created_at` timestamp NULL DEFAULT CURRENT_TIMESTAMP,
  PRIMARY KEY (`tracking_id`),
  UNIQUE KEY `internal_tracking_number` (`internal_tracking_number`),
  KEY `idx_tracking_number` (`internal_tracking_number`),
  KEY `idx_order_id` (`order_id`),
  KEY `idx_status` (`status`),
  KEY `idx_tracking_order_id` (`order_id`),
  KEY `idx_tracking_status` (`status`),
  CONSTRAINT `delivery_tracking_ibfk_1` FOREIGN KEY (`order_id`) REFERENCES `orders` (`order_id`) ON DELETE CASCADE
) ENGINE=InnoDB AUTO_INCREMENT=90 DEFAULT CHARSET=utf8mb4 COLLATE=utf8mb4_unicode_ci;
/*!40101 SET character_set_client = @saved_cs_client */;

--
-- Dumping data for table `delivery_tracking`
--

LOCK TABLES `delivery_tracking` WRITE;
/*!40000 ALTER TABLE `delivery_tracking` DISABLE KEYS */;
INSERT INTO `delivery_tracking` VALUES (1,47,'POIZONIC-000047','Создан','2025-10-01 21:31:30','2025-10-01 21:31:30'),(2,1,'POIZONIC-000001','Создан','2025-10-01 21:31:30','2025-10-01 21:31:30'),(3,2,'POIZONIC-000002','Создан','2025-10-01 21:31:30','2025-10-01 21:31:30'),(4,3,'POIZONIC-000003','Создан','2025-10-01 21:31:30','2025-10-01 21:31:30'),(5,4,'POIZONIC-000004','Создан','2025-10-01 21:31:30','2025-10-01 21:31:30'),(6,5,'POIZONIC-000005','Создан','2025-10-01 21:31:30','2025-10-01 21:31:30'),(7,6,'POIZONIC-000006','Создан','2025-10-01 21:31:30','2025-10-01 21:31:30'),(8,7,'POIZONIC-000007','Создан','2025-10-01 21:31:30','2025-10-01 21:31:30'),(9,8,'POIZONIC-000008','Создан','2025-10-01 21:31:30','2025-10-01 21:31:30'),(10,9,'POIZONIC-000009','Создан','2025-10-01 21:31:30','2025-10-01 21:31:30'),(11,10,'POIZONIC-000010','Создан','2025-10-01 21:31:30','2025-10-01 21:31:30'),(12,11,'POIZONIC-000011','Создан','2025-10-01 21:31:30','2025-10-01 21:31:30'),(13,12,'POIZONIC-000012','Создан','2025-10-01 21:31:30','2025-10-01 21:31:30'),(14,13,'POIZONIC-000013','Создан','2025-10-01 21:31:30','2025-10-01 21:31:30'),(15,14,'POIZONIC-000014','Создан','2025-10-01 21:31:30','2025-10-01 21:31:30'),(16,15,'POIZONIC-000015','Создан','2025-10-01 21:31:30','2025-10-01 21:31:30'),(17,16,'POIZONIC-000016','Создан','2025-10-01 21:31:30','2025-10-01 21:31:30'),(18,17,'POIZONIC-000017','Создан','2025-10-01 21:31:30','2025-10-01 21:31:30'),(19,18,'POIZONIC-000018','Создан','2025-10-01 21:31:30','2025-10-01 21:31:30'),(20,19,'POIZONIC-000019','Создан','2025-10-01 21:31:30','2025-10-01 21:31:30'),(21,20,'POIZONIC-000020','Создан','2025-10-01 21:31:30','2025-10-01 21:31:30'),(22,21,'POIZONIC-000021','Создан','2025-10-01 21:31:30','2025-10-01 21:31:30'),(23,22,'POIZONIC-000022','Создан','2025-10-01 21:31:30','2025-10-01 21:31:30'),(24,23,'POIZONIC-000023','Создан','2025-10-01 21:31:30','2025-10-01 21:31:30'),(25,24,'POIZONIC-000024','Создан','2025-10-01 21:31:30','2025-10-01 21:31:30'),(26,25,'POIZONIC-000025','Создан','2025-10-01 21:31:30','2025-10-01 21:31:30'),(27,26,'POIZONIC-000026','Создан','2025-10-01 21:31:30','2025-10-01 21:31:30'),(28,27,'POIZONIC-000027','Создан','2025-10-01 21:31:30','2025-10-01 21:31:30'),(29,28,'POIZONIC-000028','Создан','2025-10-01 21:31:30','2025-10-01 21:31:30'),(30,29,'POIZONIC-000029','Создан','2025-10-01 21:31:30','2025-10-01 21:31:30'),(31,30,'POIZONIC-000030','Создан','2025-10-01 21:31:30','2025-10-01 21:31:30'),(32,31,'POIZONIC-000031','Создан','2025-10-01 21:31:30','2025-10-01 21:31:30'),(33,32,'POIZONIC-000032','Создан','2025-10-01 21:31:30','2025-10-01 21:31:30'),(34,33,'POIZONIC-000033','Создан','2025-10-01 21:31:30','2025-10-01 21:31:30'),(35,34,'POIZONIC-000034','Создан','2025-10-01 21:31:30','2025-10-01 21:31:30'),(36,35,'POIZONIC-000035','Создан','2025-10-01 21:31:30','2025-10-01 21:31:30'),(37,36,'POIZONIC-000036','Создан','2025-10-01 21:31:30','2025-10-01 21:31:30'),(38,37,'POIZONIC-000037','Создан','2025-10-01 21:31:30','2025-10-01 21:31:30'),(39,38,'POIZONIC-000038','Создан','2025-10-01 21:31:30','2025-10-01 21:31:30'),(40,39,'POIZONIC-000039','Создан','2025-10-01 21:31:30','2025-10-01 21:31:30'),(41,40,'POIZONIC-000040','Создан','2025-10-01 21:31:30','2025-10-01 21:31:30'),(42,41,'POIZONIC-000041','Создан','2025-10-01 21:31:30','2025-10-01 21:31:30'),(43,42,'POIZONIC-000042','Создан','2025-10-01 21:31:30','2025-10-01 21:31:30'),(44,43,'POIZONIC-000043','Создан','2025-10-01 21:31:30','2025-10-01 21:31:30'),(45,44,'POIZONIC-000044','Создан','2025-10-01 21:31:30','2025-10-01 21:31:30'),(46,45,'POIZONIC-000045','Создан','2025-10-01 21:31:30','2025-10-01 21:31:30'),(47,46,'POIZONIC-000046','Создан','2025-10-01 21:31:30','2025-10-01 21:31:30'),(64,48,'POIZONIC-000048','Доставка внутри Китая','2025-10-06 15:32:08','2025-10-01 21:40:21'),(65,49,'POIZ-000049','Создан','2025-10-06 15:09:34','2025-10-06 15:09:34'),(66,50,'POIZ-000050','Создан','2025-10-15 19:12:39','2025-10-15 19:12:39'),(67,51,'POIZ-000051','Создан','2025-10-15 19:38:08','2025-10-15 19:38:08'),(68,52,'POIZ-000052','Создан','2025-10-15 19:42:57','2025-10-15 19:42:57'),(69,53,'POIZ-000053','Создан','2025-10-15 19:51:30','2025-10-15 19:51:30'),(70,54,'POIZ-000054','Создан','2025-10-15 19:52:19','2025-10-15 19:52:19'),(71,55,'POIZ-000055','Создан','2025-10-15 19:57:17','2025-10-15 19:57:17'),(72,56,'POIZ-000056','Создан','2025-10-15 20:03:42','2025-10-15 20:03:42'),(73,57,'POIZ-000057','Создан','2025-10-15 20:06:12','2025-10-15 20:06:12'),(74,59,'POIZ-000059','Создан','2025-10-30 22:15:24','2025-10-30 22:15:24'),(75,60,'POIZ-000060','Создан','2025-11-16 11:04:20','2025-11-16 11:04:20'),(76,61,'POIZ-000061','Создан','2025-11-16 11:28:29','2025-11-16 11:28:29'),(77,62,'POIZ-000062','Создан','2025-11-16 11:37:25','2025-11-16 11:37:25'),(78,63,'POIZ-000063','Создан','2025-11-16 11:40:11','2025-11-16 11:40:11'),(79,64,'POIZ-000064','Создан','2025-11-16 11:40:31','2025-11-16 11:40:31'),(80,65,'POIZ-000065','Создан','2025-11-16 11:47:33','2025-11-16 11:47:33'),(81,66,'POIZ-000066','Создан','2025-11-16 11:54:39','2025-11-16 11:54:39'),(82,67,'POIZ-000067','Создан','2025-11-16 12:03:24','2025-11-16 12:03:24'),(83,68,'POIZ-000068','Создан','2025-11-16 13:14:39','2025-11-16 13:14:39'),(84,69,'POIZ-000069','Доставка внутри Китая','2025-12-10 09:50:37','2025-12-10 09:12:52'),(85,70,'POIZ-000070','Доставка внутри Китая','2025-12-14 11:38:49','2025-12-10 09:48:12'),(86,71,'POIZ-000071','Доставка внутри Китая','2025-12-14 12:44:25','2025-12-10 10:06:18'),(87,73,'POIZ-000073','Создан','2026-01-20 20:30:22','2026-01-20 20:30:22'),(88,74,'POIZ-000074','Создан','2026-01-26 19:30:17','2026-01-26 19:30:17'),(89,75,'POIZ-000075','Отправлен на таможню','2026-01-27 18:38:05','2026-01-27 18:36:23');
/*!40000 ALTER TABLE `delivery_tracking` ENABLE KEYS */;
UNLOCK TABLES;

--
-- Table structure for table `exchange_rates`
--

DROP TABLE IF EXISTS `exchange_rates`;
/*!40101 SET @saved_cs_client     = @@character_set_client */;
/*!50503 SET character_set_client = utf8mb4 */;
CREATE TABLE `exchange_rates` (
  `id` int NOT NULL AUTO_INCREMENT,
  `currency_from` varchar(3) COLLATE utf8mb4_unicode_ci NOT NULL,
  `currency_to` varchar(3) COLLATE utf8mb4_unicode_ci NOT NULL,
  `rate` decimal(10,4) NOT NULL,
  `favorable_rate` decimal(10,4) NOT NULL,
  `source` varchar(100) COLLATE utf8mb4_unicode_ci DEFAULT 'CBRF',
  `created_at` timestamp NULL DEFAULT CURRENT_TIMESTAMP,
  PRIMARY KEY (`id`),
  KEY `currency_pair` (`currency_from`,`currency_to`),
  KEY `created_at` (`created_at`)
) ENGINE=InnoDB DEFAULT CHARSET=utf8mb4 COLLATE=utf8mb4_unicode_ci;
/*!40101 SET character_set_client = @saved_cs_client */;

--
-- Dumping data for table `exchange_rates`
--

LOCK TABLES `exchange_rates` WRITE;
/*!40000 ALTER TABLE `exchange_rates` DISABLE KEYS */;
/*!40000 ALTER TABLE `exchange_rates` ENABLE KEYS */;
UNLOCK TABLES;

--
-- Table structure for table `level_history`
--

DROP TABLE IF EXISTS `level_history`;
/*!40101 SET @saved_cs_client     = @@character_set_client */;
/*!50503 SET character_set_client = utf8mb4 */;
CREATE TABLE `level_history` (
  `id` int NOT NULL AUTO_INCREMENT,
  `telegram_id` bigint NOT NULL,
  `old_level` varchar(20) COLLATE utf8mb4_unicode_ci NOT NULL,
  `new_level` varchar(20) COLLATE utf8mb4_unicode_ci NOT NULL,
  `xp_at_levelup` int NOT NULL COMMENT 'XP amount when level up occurred',
  `created_at` timestamp NULL DEFAULT CURRENT_TIMESTAMP,
  PRIMARY KEY (`id`),
  KEY `idx_telegram_id` (`telegram_id`),
  KEY `idx_created_at` (`created_at`),
  KEY `idx_level_history_telegram` (`telegram_id`),
  KEY `idx_level_history_created` (`created_at`),
  CONSTRAINT `level_history_ibfk_1` FOREIGN KEY (`telegram_id`) REFERENCES `users` (`telegram_id`) ON DELETE CASCADE
) ENGINE=InnoDB DEFAULT CHARSET=utf8mb4 COLLATE=utf8mb4_unicode_ci;
/*!40101 SET character_set_client = @saved_cs_client */;

--
-- Dumping data for table `level_history`
--

LOCK TABLES `level_history` WRITE;
/*!40000 ALTER TABLE `level_history` DISABLE KEYS */;
/*!40000 ALTER TABLE `level_history` ENABLE KEYS */;
UNLOCK TABLES;

--
-- Table structure for table `order_items`
--

DROP TABLE IF EXISTS `order_items`;
/*!40101 SET @saved_cs_client     = @@character_set_client */;
/*!50503 SET character_set_client = utf8mb4 */;
CREATE TABLE `order_items` (
  `id` int NOT NULL AUTO_INCREMENT,
  `order_id` int NOT NULL,
  `product_link` mediumtext COLLATE utf8mb4_unicode_ci NOT NULL,
  `product_size` varchar(50) COLLATE utf8mb4_unicode_ci DEFAULT NULL,
  `quantity` int DEFAULT '1',
  `estimated_savings` decimal(10,2) DEFAULT '5000.00',
  `created_at` timestamp NULL DEFAULT CURRENT_TIMESTAMP,
  PRIMARY KEY (`id`),
  KEY `idx_order_items_order_id` (`order_id`),
  CONSTRAINT `order_items_ibfk_1` FOREIGN KEY (`order_id`) REFERENCES `orders` (`order_id`) ON DELETE CASCADE
) ENGINE=InnoDB AUTO_INCREMENT=96 DEFAULT CHARSET=utf8mb4 COLLATE=utf8mb4_unicode_ci;
/*!40101 SET character_set_client = @saved_cs_client */;

--
-- Dumping data for table `order_items`
--

LOCK TABLES `order_items` WRITE;
/*!40000 ALTER TABLE `order_items` DISABLE KEYS */;
INSERT INTO `order_items` VALUES (1,1,'1000','43',1,5000.00,'2025-09-28 16:50:29'),(2,2,'1599','44',1,5000.00,'2025-09-28 16:50:29'),(3,3,'1599','44',1,5000.00,'2025-09-28 16:50:29'),(4,4,'1599','1599',1,5000.00,'2025-09-28 16:50:29'),(5,5,'【得物】得物er-R5J6E0O7发现一件好物， 2 CA1503 åzEZ7kgZå  https://dw4.co/t/A/1qohTMSfP Timberland x LOUIS VUITTON 牛皮革 6英寸满印老花 圆头系带 压纹防水绒面 及踝 马丁靴 男女同款 黑色,450人想要 点击链接直接打开','45',1,5000.00,'2025-09-28 16:50:29'),(6,6,'【得物】得物er-R5J6E0O7发现一件好物， 2 CA1503 åzEZ7kgZå  https://dw4.co/t/A/1qohTMSfP Timberland x LOUIS VUITTON 牛皮革 6英寸满印老花 圆头系带 压纹防水绒面 及踝 马丁靴 男女同款 黑色,450人想要 点击链接直接打开','45',1,5000.00,'2025-09-28 16:50:29'),(7,7,'Ссылка','44',1,5000.00,'2025-09-28 16:50:29'),(8,8,'【得物】得物er-R5J6E0O7发现一件好物， 2 CA1503 åzEZ7kgZå  https://dw4.co/t/A/1qohTMSfP Timberland x LOUIS VUITTON 牛皮革 6英寸满印老花 圆头系带 压纹防水绒面 及踝 马丁靴 男女同款 黑色,450人想要 点击链接直接打开','45',1,5000.00,'2025-09-28 16:50:29'),(9,9,'【得物】得物er-R5J6E0O7发现一件好物， 2 CA1503 åzEZ7kgZå  https://dw4.co/t/A/1qohTMSfP Timberland x LOUIS VUITTON 牛皮革 6英寸满印老花 圆头系带 压纹防水绒面 及踝 马丁靴 男女同款 黑色,450人想要 点击链接直接打开','42',1,5000.00,'2025-09-28 16:50:29'),(10,10,'Ццц','44',1,5000.00,'2025-09-28 16:50:29'),(11,11,'Арала','45',1,5000.00,'2025-09-28 16:50:29'),(12,12,'333','34',1,5000.00,'2025-09-28 16:50:29'),(13,13,'Влад','45',1,5000.00,'2025-09-28 16:50:29'),(14,14,'Аоовов','45',1,5000.00,'2025-09-28 16:50:29'),(15,15,'aa','aa',1,5000.00,'2025-09-28 16:50:29'),(16,16,'【得物】得物er-Y8P4O8L8发现一件好物， 7 CZ6543 åZ23AjAvå  https://dw4.co/t/A/1r9YbZ6eE New Balance NB 530 单层 经典复古 网布织物人造革耐磨 低帮 休闲跑步鞋 男女同款 白银色 D宽, 点击链接直接打开','38,5',1,5000.00,'2025-09-28 16:50:29'),(17,17,'Nike Waffle One 防滑耐磨透气轻便 低帮 运动休闲鞋 男款 灰白','44',1,5000.00,'2025-09-28 16:50:29'),(18,18,'【得物】得物er-X4E1D5N3发现一件好物， 4 CZ3457 åJbQjZRwå  https://dw4.co/t/A/1rm8DwrvR Nike Therma-FIT ADV ACG \"Lunar Lake\" 字母印花立领马甲 男女同款 沙堆白, 点击链接直接打开','L',1,5000.00,'2025-09-28 16:50:29'),(19,19,'【得物】得物er-X4E1D5N3发现一件好物， 8 CA1201 å1XwM0p6å  https://dw4.co/t/A/1rmID08Ym Nike 纯色立领拉链保暖休闲马甲 男款 卡其色, 点击链接直接打开','L',1,5000.00,'2025-09-28 16:50:29'),(20,20,'【得物】得物er-2E6Z7D2P发现一件好物， 5 CA8888 åY9rn0b8å  https://dw4.co/t/A/1rrfwguwy Jordan Air Jordan 1 潮流休闲 防滑耐磨 低帮 复古篮球鞋 女款 白灰, 点击链接直接打开','42,5',1,5000.00,'2025-09-28 16:50:29'),(21,21,'【得物】得物er-3A6Z3H9D发现一件好物， 3 CA1201 årzkadkdå  https://dw4.co/t/A/1rwaPfMJ6 Jordan Air Jordan 1 潮流休闲 防滑耐磨 低帮 复古篮球鞋 女款 白灰, 点击链接直接打开','42.5',1,5000.00,'2025-09-28 16:50:29'),(22,22,'https://dw4.co/t/A/1sN4UtNRM SALOMON萨洛蒙 XT-Quest 系带平跟圆头 减震防滑耐磨 低帮 登山鞋 男女同款 米灰色灰褐色胡椒白, 点击链接直接打开','46⅔',1,5000.00,'2025-09-28 16:50:29'),(23,23,'【得物】得物er-Y8P4O8L8发现一件好物， 2 CA1234 å5AQ0N0Yå  https://dw4.co/t/A/1sZMGDcGZ Vans Super Lowpro 舒适薄底 低帮 板鞋 男女同款 黑色, 点击链接直接打开','43',1,5000.00,'2025-09-28 16:50:29'),(24,24,'【得物】得物er-Q9A7W2Q7发现一件好物， 2 CZ1111 åpjD7PBnå  https://dw4.co/t/A/1snr2fa3d OSIRIS D3 美式潮流街头复古迷彩 运动百搭 包裹性防滑减震耐磨增高 低帮 板鞋 男女同款 黑, 点击链接直接打开','42',1,5000.00,'2025-09-28 16:50:29'),(25,25,'https://dw4.co/t/A/1soV4oDJk','44',1,5000.00,'2025-09-28 16:50:29'),(26,26,'https://dw4.co/t/A/1soV4oDJk','44',1,5000.00,'2025-09-28 16:50:29'),(27,27,'https://fast.dewu.com/page/productDetail?sourceName=pc&spuId=10801&skuId=64800534','43',1,5000.00,'2025-09-28 16:50:29'),(28,28,'https://poizon.com','12',1,5000.00,'2025-09-28 16:50:29'),(29,29,'https://poizon.com','12',1,5000.00,'2025-09-28 16:50:29'),(30,30,'https://poizon.com','12',1,5000.00,'2025-09-28 16:50:29'),(31,31,'https://poizon.com','12',1,5000.00,'2025-09-28 16:50:29'),(32,32,'https://poizon.com','12',1,5000.00,'2025-09-28 16:50:29'),(33,33,'https://poizon.com','12',1,5000.00,'2025-09-28 16:50:29'),(34,34,'https://poizon.com','12',1,5000.00,'2025-09-28 16:50:29'),(35,35,'https://poizon.com','12',1,5000.00,'2025-09-28 16:50:29'),(36,36,'https://poizon.com','12',1,5000.00,'2025-09-28 16:50:29'),(37,37,'https://poizon.com','12',1,5000.00,'2025-09-28 16:50:29'),(38,38,'https://poizon.com','12',1,5000.00,'2025-09-28 16:50:29'),(39,39,'https://poizon.com','12',1,5000.00,'2025-09-28 16:50:29'),(40,40,'https://poizon.com','12',1,5000.00,'2025-09-28 16:50:29'),(41,41,'https://poizon.com','12',1,5000.00,'2025-09-28 16:50:29'),(42,42,'https://poizon.com','12',1,5000.00,'2025-09-28 16:50:29'),(43,43,'https://poizon.com','12',1,5000.00,'2025-09-28 16:50:29'),(64,44,'https://poizon.com','12',1,5000.00,'2025-09-28 16:57:22'),(65,45,'https://poizon.com','12',1,5000.00,'2025-09-28 17:04:40'),(66,46,'https://poizon.com','12',1,5000.00,'2025-09-28 17:07:44'),(67,46,'https://poizon.com','22',3,5000.00,'2025-09-28 17:07:44'),(68,47,'https://poizon.com','11',1,5000.00,'2025-09-28 18:15:53'),(69,48,'https://poizon.com','12',2,5000.00,'2025-10-01 21:40:21'),(70,49,'https://poizon.com','22',2,5000.00,'2025-10-06 15:09:33'),(71,49,'https://poizon.com','ww',1,5000.00,'2025-10-06 15:09:33'),(72,50,'https://poizon.com','12',1,5000.00,'2025-10-15 19:12:39'),(73,51,'https://poizon.com','12',1,5000.00,'2025-10-15 19:38:08'),(74,52,'https://poizon.com','12',1,5000.00,'2025-10-15 19:42:57'),(75,53,'https://poizon.com','12',1,5000.00,'2025-10-15 19:51:29'),(76,54,'https://poizon.com','11',1,5000.00,'2025-10-15 19:52:19'),(77,55,'https://poizon.com','11',1,5000.00,'2025-10-15 19:57:17'),(78,56,'https://poizon.com','11',1,5000.00,'2025-10-15 20:03:42'),(79,57,'https://poizon.com','22',1,5000.00,'2025-10-15 20:06:11'),(80,59,'https://poizon.com','22',2,5000.00,'2025-10-30 22:15:24'),(81,60,'https://poizon.com','12',1,5000.00,'2025-11-16 11:04:20'),(82,61,'https://poizon.com','12',1,5000.00,'2025-11-16 11:28:29'),(83,62,'https://poizon.com','12',1,5000.00,'2025-11-16 11:37:25'),(84,63,'https://poizon.com','12',1,5000.00,'2025-11-16 11:40:11'),(85,64,'https://poizon.com','12',1,5000.00,'2025-11-16 11:40:30'),(86,65,'https://poizon.com','11',1,5000.00,'2025-11-16 11:47:32'),(87,66,'https://poizon.com','12',1,5000.00,'2025-11-16 11:54:39'),(88,67,'https://poizon.com','12',1,5000.00,'2025-11-16 12:03:24'),(89,68,'https://poizon.com','12',1,5000.00,'2025-11-16 13:14:38'),(90,69,'https://dw4.co/t/A/1thHonawi','L',1,5000.00,'2025-12-10 09:12:52'),(91,70,'https://dw4.co/t/A/1thHonawi','L',1,5000.00,'2025-12-10 09:48:12'),(92,71,'https://dw4.co/t/A/1thHonawi','L',1,5000.00,'2025-12-10 10:06:18'),(93,73,'dewu.com','L',1,5000.00,'2026-01-20 20:30:22'),(94,74,'https://dw4.co/t/A/1thHonawi','12',2,10000.00,'2026-01-26 19:30:17'),(95,75,'https://dw4.co/t/A/1thHonawi','12',2,10000.00,'2026-01-27 18:36:23');
/*!40000 ALTER TABLE `order_items` ENABLE KEYS */;
UNLOCK TABLES;

--
-- Table structure for table `orders`
--

DROP TABLE IF EXISTS `orders`;
/*!40101 SET @saved_cs_client     = @@character_set_client */;
/*!50503 SET character_set_client = utf8mb4 */;
CREATE TABLE `orders` (
  `order_id` int NOT NULL AUTO_INCREMENT,
  `telegram_id` bigint DEFAULT NULL,
  `username` varchar(100) COLLATE utf8mb4_unicode_ci DEFAULT NULL,
  `full_name` varchar(255) COLLATE utf8mb4_unicode_ci DEFAULT NULL,
  `phone_number` varchar(255) COLLATE utf8mb4_unicode_ci DEFAULT NULL,
  `pickup_point` varchar(100) COLLATE utf8mb4_unicode_ci DEFAULT NULL,
  `pickup_point_address` varchar(255) COLLATE utf8mb4_unicode_ci DEFAULT NULL,
  `comments` mediumtext COLLATE utf8mb4_unicode_ci,
  `created_at` timestamp NULL DEFAULT CURRENT_TIMESTAMP,
  `estimated_savings` decimal(10,2) DEFAULT '5000.00',
  `status` enum('pending','paid','completed','cancelled','profit_calculated') COLLATE utf8mb4_unicode_ci DEFAULT 'pending',
  PRIMARY KEY (`order_id`),
  KEY `idx_orders_telegram_id_status` (`telegram_id`),
  KEY `idx_orders_created_at` (`created_at`),
  KEY `idx_orders_status` (`status`),
  KEY `idx_orders_telegram_id` (`telegram_id`),
  KEY `idx_orders_analytics` (`created_at`,`status`,`estimated_savings`),
  KEY `idx_orders_telegram_created` (`telegram_id`,`created_at`),
  CONSTRAINT `orders_ibfk_1` FOREIGN KEY (`telegram_id`) REFERENCES `users` (`telegram_id`)
) ENGINE=InnoDB AUTO_INCREMENT=76 DEFAULT CHARSET=utf8mb4 COLLATE=utf8mb4_unicode_ci;
/*!40101 SET character_set_client = @saved_cs_client */;

--
-- Dumping data for table `orders`
--

LOCK TABLES `orders` WRITE;
/*!40000 ALTER TABLE `orders` DISABLE KEYS */;
INSERT INTO `orders` VALUES (1,608455063,'Марк',NULL,NULL,NULL,NULL,NULL,'2024-11-01 13:41:42',5000.00,'completed'),(2,329781549,'Илья','Прох Илья Максимович','+79168897947',NULL,'г.Москва, пр-т. Мира, д. 95',NULL,'2024-11-06 23:42:37',5000.00,'completed'),(3,690296532,'young_temas','Павшок','7839393',NULL,'Ововов',NULL,'2024-11-07 09:12:35',5000.00,'completed'),(4,690296532,'young_temas',NULL,NULL,NULL,NULL,NULL,'2024-11-07 09:14:49',5000.00,'completed'),(5,690296532,'young_temas',NULL,NULL,NULL,NULL,NULL,'2024-11-07 09:44:52',5000.00,'completed'),(6,690296532,'young_temas','dfgdfg',NULL,NULL,NULL,NULL,'2024-11-07 10:21:31',5000.00,'completed'),(7,690296532,'young_temas','Федор','Номер',NULL,'Бокс',NULL,'2024-11-21 09:34:13',5000.00,'completed'),(8,690296532,'young_temas','Иванов Иван Иванович','+79605587234',NULL,'Boxberry г.Курган ул. Коли Мяготина, 56А',NULL,'2024-11-26 13:11:25',5000.00,'completed'),(9,784586573,'Foma','Фомин Максим Евгеньевич','+79605587234',NULL,NULL,NULL,'2024-12-03 17:56:57',5000.00,'completed'),(10,690296532,'young_temas','Аааа','33939',NULL,'Тата',NULL,'2024-12-03 19:42:29',5000.00,'completed'),(11,690296532,'young_temas','Проката','373783',NULL,'Провалов',NULL,'2024-12-03 19:48:38',5000.00,'completed'),(12,784586573,'Foma','13123','28392084',NULL,'Boxberry г.Курган ул. Коли Мяготина, 56А',NULL,'2024-12-03 19:48:48',5000.00,'completed'),(13,690296532,'young_temas','Арарат','373783',NULL,'Таково',NULL,'2024-12-03 19:49:36',5000.00,'completed'),(14,690296532,'young_temas','Аоаоао','733783',NULL,'Тавров',NULL,'2024-12-03 19:52:09',5000.00,'completed'),(15,690296532,'young_temas','aa','aa',NULL,'aa',NULL,'2024-12-14 20:26:46',5000.00,'completed'),(16,642587459,'кризис','Кулакова Анна Александровна','+7 (931) 281-04-92',NULL,'Boxberry г.Санкт-Петербург бульвар Новаторов, 77',NULL,'2024-12-15 20:15:47',5000.00,'completed'),(17,753497988,'Серёга','Потапов Сергей Сергеевич','89107172465',NULL,'Boxberre, г. Москва ул. Коминтерна, 13/4',NULL,'2025-03-12 18:16:54',5000.00,'completed'),(18,506177890,'?','Николаев Гавриил Викторович',NULL,NULL,NULL,NULL,'2025-03-21 11:34:26',5000.00,'completed'),(19,506177890,'?','Николаев Гавриил Викторович','+79854562203',NULL,'Почта России Волжский бул., 16, корп. 1',NULL,'2025-03-22 03:45:19',5000.00,'completed'),(20,784586573,'Foma',NULL,NULL,NULL,NULL,NULL,'2025-04-04 13:44:41',5000.00,'completed'),(21,746847591,'Роман','Иванов Роман Владимирович','+79581394891',NULL,'Boxberry г.Курган ул. Коли Мяготина, 169',NULL,'2025-04-16 11:18:51',5000.00,'completed'),(22,5478035703,'111','Зорин Иван Сергеевич','+79512734202',NULL,'Почта России г. Екатеринбург ул. Сурикова, 28, 620144',NULL,'2025-06-18 17:10:54',5000.00,'completed'),(23,642587459,'Летунов Фёдор',NULL,NULL,NULL,NULL,NULL,'2025-07-20 11:06:48',5000.00,'completed'),(24,685402817,'Freemelly','Саранчук Дмитрий Игоревич','+79171140317',NULL,'Почта России, Мурино, Авиаторов балтики проспект 17',NULL,'2025-08-24 12:09:27',5000.00,'completed'),(25,848491886,'Денчик','Огородников Денис Витальевич','89160446614',NULL,NULL,NULL,'2025-08-25 13:30:01',5000.00,'completed'),(26,848491886,'Денчик','Огородников Денис Витальевич','89160446614',NULL,'Отделение почтовой связи № 143103 — Яндекс Карты\nМосковская область, Руза, Федеративная улица, 8\n https://yandex.ru/maps/org/otdeleniye_pochtovoy_svyazi_143103/1236151967/',NULL,'2025-08-25 13:31:04',5000.00,'completed'),(27,5617361678,'Руслан','https://fast.dewu.com/page/productDetail?sourceName=pc&spuId=10801&skuId=64800534',NULL,NULL,NULL,NULL,'2025-08-27 13:25:20',5000.00,'completed'),(28,0,'unknown','Артём','+79630056555','CDEK','Ткачева 30\n400012','','2025-09-06 15:48:01',5000.00,'completed'),(29,0,'unknown','Артём','+79630056555','CDEK','Буракова 13','Срочно','2025-09-06 15:58:49',5000.00,'completed'),(30,0,'unknown','Артём','+79630056555','CDEK','Буракова 13','','2025-09-06 16:02:44',5000.00,'completed'),(31,0,'unknown','Артём','+79630056555','CDEK','Сурикова 28\n620144','','2025-09-06 16:04:37',5000.00,'completed'),(32,0,'unknown','Артём','+79630056555','Boxberry','Сурикова 28\n620144','','2025-09-06 16:06:33',5000.00,'completed'),(33,0,'unknown','Артём','+79630056555','CDEK','Буракова 13','Давай','2025-09-06 16:18:53',5000.00,'completed'),(34,0,'unknown','Артём','+79630056555','CDEK','Коли Мяготина 169\n640002','','2025-09-07 09:53:16',5000.00,'completed'),(35,0,'unknown','Артём','+79630056555','CDEK','Куйбышева 68\n640018','','2025-09-07 09:55:17',5000.00,'completed'),(36,0,'unknown','Артём','+79630056555','CDEK','Куйбышева 68\n640018','','2025-09-08 14:33:20',5000.00,'completed'),(37,0,'unknown','Павшок Артём Сергеевич','+7 (963) 005-65-55','CDEK','Сурикова 28\n620144','Супер','2025-09-09 13:50:56',5000.00,'completed'),(38,0,'unknown','Павшок Артём Сергеевич','+7 (963) 005-65-55','Boxberry','Куйбышева 68\n640018','','2025-09-09 14:58:53',5000.00,'completed'),(39,0,'unknown','Павшок Артём Сергеевич','+7 (963) 005-65-55','CDEK','Куйбышева 68\n640018','Срочно','2025-09-18 19:29:44',5000.00,'completed'),(40,0,'unknown','Павшок Артём Сергеевич','+7 (963) 005-65-55','CDEK','Ткачева 30\n400012','','2025-09-27 10:58:09',5000.00,'completed'),(41,0,'unknown','Павшок Артём Сергеевич','+7 (963) 005-65-55','CDEK','Коли Мяготина 169\n640002','','2025-09-28 13:59:55',5000.00,'completed'),(42,0,'unknown','Павшок Артём Сергеевич','+7 (963) 005-65-55','Почта России','Industrialny passage 2a\nPetropavlovsk 150000','','2025-09-28 14:12:57',5000.00,'completed'),(43,0,'unknown','Павшок Артём Сергеевич','+7 (963) 005-65-55','Boxberry','проспект Будённого 18Б\n105118','','2025-09-28 16:44:19',5000.00,'completed'),(44,0,'unknown','Артём','+79630056555','SSS','Большая Черкизовская 20Москва, Москва','','2025-09-28 16:57:22',5000.00,'completed'),(45,0,'unknown','Артём','+79634392759','SSS','Большая Черкизовская 20Москва, Москва','','2025-09-28 17:04:40',5000.00,'completed'),(46,0,'unknown','Павшок Артём Сергеевич','+7 (963) 005-65-55','Boxberry','Куйбышева 68640018','','2025-09-28 17:07:44',10000.00,'completed'),(47,0,'unknown','Павшок Артём Сергеевич','+7 (963) 005-65-55','Boxberry','Industrialny passage 2aPetropavlovsk 150000','','2025-09-28 18:15:53',5000.00,'pending'),(48,0,NULL,'Павшок Артём Сергеевич','+7 (963) 005-65-55','СДЭК','Буракова 13','','2025-10-01 21:40:20',5000.00,'paid'),(49,0,NULL,'Павшок Артём Сергеевич','+7 (963) 005-65-55','СДЭК','проспект Будённого 18Б105118','www','2025-10-06 15:09:32',10000.00,'paid'),(50,0,NULL,'Павшок Артём Сергеевич','+7 (963) 005-65-55','СДЭК','Коли Мяготина 169640002','ффф','2025-10-15 19:12:39',5000.00,'pending'),(51,0,NULL,'Павшок Артём Сергеевич','+7 (963) 005-65-55','СДЭК','Коли Мяготина 169640002','ффф','2025-10-15 19:38:08',5000.00,'pending'),(52,0,NULL,'Павшок Артём Сергеевич','+7 (963) 005-65-55','СДЭК','Коли Мяготина 169640002','ффф','2025-10-15 19:42:57',5000.00,'pending'),(53,0,NULL,'Павшок Артём Сергеевич','+7 (963) 005-65-55','СДЭК','Коли Мяготина 169640002','ффф','2025-10-15 19:51:29',5000.00,'pending'),(54,0,NULL,'Павшок Артём Сергеевич','+7 (963) 005-65-55','Boxberry','Industrialny passage 2aPetropavlovsk 150000','','2025-10-15 19:52:19',5000.00,'pending'),(55,0,NULL,'Павшок Артём Сергеевич','+7 (963) 005-65-55','Boxberry','Industrialny passage 2aPetropavlovsk 150000','','2025-10-15 19:57:17',5000.00,'pending'),(56,0,NULL,'Павшок Артём Сергеевич','+7 (963) 005-65-55','Boxberry','Industrialny passage 2aPetropavlovsk 150000','','2025-10-15 20:03:42',5000.00,'pending'),(57,0,NULL,'Павшок Артём Сергеевич','+7 (963) 005-65-55','СДЭК','Буракова 13','а','2025-10-15 20:06:11',5000.00,'pending'),(59,0,NULL,'Павшок Артём Сергеевич','+7 (963) 005-65-55','СДЭК','Буракова 13','аа','2025-10-30 22:15:24',5000.00,'pending'),(60,0,NULL,'Павшок Артём Сергеевич','+7 (963) 005-65-5','Boxberry','Коли Мяготина 169640002','','2025-11-16 11:04:19',5000.00,'pending'),(61,0,NULL,'Павшок Артём Сергеевич','+7 (963) 005-65-55','Яндекс доставка','Куйбышева 68640018','','2025-11-16 11:28:29',5000.00,'pending'),(62,0,NULL,'Павшок Артём Сергеевич','+7 (963) 005-65-55','Яндекс доставка','Industrialny passage 2aPetropavlovsk 150000','','2025-11-16 11:37:25',5000.00,'pending'),(63,0,NULL,'Павшок Артём Сергеевич','+7 (963) 005-65-55','Яндекс доставка','Industrialny passage 2aPetropavlovsk 150000','','2025-11-16 11:40:11',5000.00,'pending'),(64,0,NULL,'Павшок Артём Сергеевич','+7 (963) 005-65-55','Яндекс доставка','Россия, Курганская область, город Курган, улица Карельцева, дом 111А, квартира 6','','2025-11-16 11:40:30',5000.00,'pending'),(65,0,NULL,'Павшок Артём Сергеевич','+7 (963) 005-65-55','СДЭК','Industrialny passage 2aPetropavlovsk 150000','','2025-11-16 11:47:32',5000.00,'pending'),(66,0,NULL,'Павшок Артём Сергеевич','+7 (963) 005-65-55','Яндекс доставка','Большая Черкизовская 20Москва, Москва','','2025-11-16 11:54:39',5000.00,'pending'),(67,0,NULL,'Павшок Артём Сергеевич','+7 (963) 005-65-55','Яндекс доставка','Industrialny passage 2aPetropavlovsk 150000','','2025-11-16 12:03:24',5000.00,'pending'),(68,0,NULL,'Павшок Артём Сергеевич','+7 (963) 005-65-55','Яндекс доставка','Комсомольский проспект 8170026','ввв','2025-11-16 13:14:38',5000.00,'pending'),(69,690296532,'young_temas','Павшок Артём Сергеевич','+7 (963) 005-65-55','СДЭК','Пушкина 25','','2025-12-10 09:12:52',5000.00,'paid'),(70,690296532,'young_temas','Павшок Артём Сергеевич 1','+7 (963) 005-65-55','СДЭК','Пушкина 11','','2025-12-10 09:48:12',5000.00,'paid'),(71,690296532,'young_temas','Павшок Артём Сергеевич 2','+7 (963) 005-65-55','СДЭК','Пушкина 33','','2025-12-10 10:06:18',5000.00,'paid'),(73,690296532,'young_temas','Павшок ','+7 (963) 005-65-55','Яндекс доставка','Пушкина','','2026-01-20 20:30:22',5000.00,'pending'),(74,690296532,'young_temas','Павшок Артём Сергеевич 1','+7 (963) 005-65-55','СДЭК','Пушкина 25','Тест','2026-01-26 19:30:17',10000.00,'pending'),(75,690296532,'young_temas','Павшок Артём Сергеевич 1','+7 (963) 005-65-55','СДЭК','Пушкина 25','Тест','2026-01-27 18:36:23',10000.00,'paid');
/*!40000 ALTER TABLE `orders` ENABLE KEYS */;
UNLOCK TABLES;
ALTER DATABASE `default_db` CHARACTER SET utf8mb3 COLLATE utf8mb3_general_ci ;
/*!50003 SET @saved_cs_client      = @@character_set_client */ ;
/*!50003 SET @saved_cs_results     = @@character_set_results */ ;
/*!50003 SET @saved_col_connection = @@collation_connection */ ;
/*!50003 SET character_set_client  = utf8mb4 */ ;
/*!50003 SET character_set_results = utf8mb4 */ ;
/*!50003 SET collation_connection  = utf8mb4_0900_ai_ci */ ;
/*!50003 SET @saved_sql_mode       = @@sql_mode */ ;
/*!50003 SET sql_mode              = 'STRICT_TRANS_TABLES' */ ;
DELIMITER ;;
/*!50003 CREATE*/ /*!50017 DEFINER=`gen_user`@`%`*/ /*!50003 TRIGGER `tr_orders_after_insert` AFTER INSERT ON `orders` FOR EACH ROW BEGIN
  CALL UpdateUserStats(NEW.telegram_id);
END */;;
DELIMITER ;
/*!50003 SET sql_mode              = @saved_sql_mode */ ;
/*!50003 SET character_set_client  = @saved_cs_client */ ;
/*!50003 SET character_set_results = @saved_cs_results */ ;
/*!50003 SET collation_connection  = @saved_col_connection */ ;
ALTER DATABASE `default_db` CHARACTER SET utf8mb4 COLLATE utf8mb4_unicode_ci ;

--
-- Table structure for table `profit_calculations`
--

DROP TABLE IF EXISTS `profit_calculations`;
/*!40101 SET @saved_cs_client     = @@character_set_client */;
/*!50503 SET character_set_client = utf8mb4 */;
CREATE TABLE `profit_calculations` (
  `id` int NOT NULL AUTO_INCREMENT,
  `order_id` int NOT NULL,
  `customer_commission` decimal(10,2) NOT NULL COMMENT 'Комиссия в рублях',
  `customer_product_cost_cny` decimal(10,2) NOT NULL COMMENT 'Стоимость товара в юанях',
  `customer_rate` decimal(10,4) NOT NULL COMMENT 'Курс для покупателя',
  `customer_delivery` decimal(10,2) NOT NULL COMMENT 'Доставка для покупателя',
  `customer_total` decimal(10,2) NOT NULL COMMENT 'Итого от покупателя',
  `my_product_cost_cny` decimal(10,2) NOT NULL COMMENT 'Стоимость товара в юанях',
  `my_rate` decimal(10,4) NOT NULL COMMENT 'Мой курс покупки юаней',
  `my_delivery` decimal(10,2) NOT NULL COMMENT 'Моя стоимость доставки',
  `my_total` decimal(10,2) NOT NULL COMMENT 'Итого мои расходы',
  `profit` decimal(10,2) NOT NULL COMMENT 'Чистая прибыль',
  `created_at` timestamp NULL DEFAULT CURRENT_TIMESTAMP,
  `created_by` varchar(255) COLLATE utf8mb4_unicode_ci DEFAULT NULL COMMENT 'Кто создал расчет',
  PRIMARY KEY (`id`),
  KEY `idx_order_id` (`order_id`),
  KEY `idx_created_at` (`created_at`),
  CONSTRAINT `profit_calculations_ibfk_1` FOREIGN KEY (`order_id`) REFERENCES `orders` (`order_id`) ON DELETE CASCADE
) ENGINE=InnoDB DEFAULT CHARSET=utf8mb4 COLLATE=utf8mb4_unicode_ci COMMENT='Расчеты прибыли по заказам';
/*!40101 SET character_set_client = @saved_cs_client */;

--
-- Dumping data for table `profit_calculations`
--

LOCK TABLES `profit_calculations` WRITE;
/*!40000 ALTER TABLE `profit_calculations` DISABLE KEYS */;
/*!40000 ALTER TABLE `profit_calculations` ENABLE KEYS */;
UNLOCK TABLES;

--
-- Table structure for table `referrals`
--

DROP TABLE IF EXISTS `referrals`;
/*!40101 SET @saved_cs_client     = @@character_set_client */;
/*!50503 SET character_set_client = utf8mb4 */;
CREATE TABLE `referrals` (
  `id` int NOT NULL AUTO_INCREMENT,
  `telegram_id` bigint DEFAULT NULL,
  `referral_url` varchar(255) COLLATE utf8mb4_unicode_ci DEFAULT NULL,
  `referred_by` bigint DEFAULT NULL,
  `clicks` int DEFAULT '0',
  PRIMARY KEY (`id`),
  UNIQUE KEY `telegram_id` (`telegram_id`)
) ENGINE=InnoDB AUTO_INCREMENT=36 DEFAULT CHARSET=utf8mb4 COLLATE=utf8mb4_unicode_ci;
/*!40101 SET character_set_client = @saved_cs_client */;

--
-- Dumping data for table `referrals`
--

LOCK TABLES `referrals` WRITE;
/*!40000 ALTER TABLE `referrals` DISABLE KEYS */;
INSERT INTO `referrals` VALUES (1,690296532,'https://t.me/poizonic_bot?start=690296532',690296532,1),(2,7696515351,'https://t.me/poizonic_bot?start=7696515351',690296532,0),(3,313444368,'https://t.me/poizonic_bot?start=313444368',313444368,0),(4,766350210,'https://t.me/poizonic_bot?start=766350210',766350210,5),(5,877011555,NULL,766350210,0),(6,905244409,NULL,766350210,0),(7,308185566,'https://t.me/poizonic_bot?start=308185566',308185566,0),(8,497732222,'https://t.me/poizonic_bot?start=497732222',766350210,0),(9,680866570,NULL,766350210,0),(10,974931305,NULL,766350210,0),(11,1036659666,'https://t.me/poizonic_bot?start=1036659666',1036659666,15),(12,758363012,NULL,1036659666,0),(13,784502930,NULL,1036659666,0),(14,6461487686,NULL,1036659666,0),(15,1994127196,NULL,1036659666,0),(16,969347933,NULL,1036659666,0),(17,1126530598,NULL,1036659666,0),(18,5199938155,NULL,1036659666,0),(19,290081159,NULL,1036659666,0),(20,934557079,NULL,1036659666,0),(21,2090320897,NULL,1036659666,0),(22,7377238020,NULL,1036659666,0),(23,1115662623,NULL,1036659666,0),(24,852432916,'https://t.me/poizonic_bot?start=852432916',852432916,1),(25,408827700,NULL,852432916,0),(26,1180254467,NULL,1036659666,0),(27,1583136451,NULL,1036659666,0),(28,784586573,'https://t.me/poizonic_bot?start=784586573',784586573,0),(30,5400600570,NULL,1036659666,0),(31,981291448,'https://t.me/poizonic_bot?start=981291448',981291448,0),(32,5478035703,'https://t.me/poizonic_bot?start=5478035703',5478035703,0),(33,8105197501,'https://t.me/poizonic_bot?start=8105197501',8105197501,0),(34,6716490444,'https://t.me/poizonic_bot?start=6716490444',6716490444,0);
/*!40000 ALTER TABLE `referrals` ENABLE KEYS */;
UNLOCK TABLES;
ALTER DATABASE `default_db` CHARACTER SET utf8mb3 COLLATE utf8mb3_general_ci ;
/*!50003 SET @saved_cs_client      = @@character_set_client */ ;
/*!50003 SET @saved_cs_results     = @@character_set_results */ ;
/*!50003 SET @saved_col_connection = @@collation_connection */ ;
/*!50003 SET character_set_client  = utf8mb4 */ ;
/*!50003 SET character_set_results = utf8mb4 */ ;
/*!50003 SET collation_connection  = utf8mb4_0900_ai_ci */ ;
/*!50003 SET @saved_sql_mode       = @@sql_mode */ ;
/*!50003 SET sql_mode              = 'STRICT_TRANS_TABLES' */ ;
DELIMITER ;;
/*!50003 CREATE*/ /*!50017 DEFINER=`gen_user`@`%`*/ /*!50003 TRIGGER `tr_referrals_after_insert` AFTER INSERT ON `referrals` FOR EACH ROW BEGIN
  CALL UpdateUserStats(NEW.referred_by);
END */;;
DELIMITER ;
/*!50003 SET sql_mode              = @saved_sql_mode */ ;
/*!50003 SET character_set_client  = @saved_cs_client */ ;
/*!50003 SET character_set_results = @saved_cs_results */ ;
/*!50003 SET collation_connection  = @saved_col_connection */ ;
ALTER DATABASE `default_db` CHARACTER SET utf8mb4 COLLATE utf8mb4_unicode_ci ;

--
-- Table structure for table `review_photos`
--

DROP TABLE IF EXISTS `review_photos`;
/*!40101 SET @saved_cs_client     = @@character_set_client */;
/*!50503 SET character_set_client = utf8mb4 */;
CREATE TABLE `review_photos` (
  `id` int NOT NULL AUTO_INCREMENT,
  `review_id` int NOT NULL,
  `photo_url` varchar(500) CHARACTER SET utf8mb4 COLLATE utf8mb4_unicode_ci NOT NULL,
  `display_order` int NOT NULL DEFAULT '0' COMMENT 'Порядок отображения (0, 1, 2...)',
  `created_at` timestamp NULL DEFAULT CURRENT_TIMESTAMP,
  PRIMARY KEY (`id`),
  KEY `review_id` (`review_id`),
  KEY `display_order` (`display_order`),
  CONSTRAINT `review_photos_ibfk_1` FOREIGN KEY (`review_id`) REFERENCES `reviews` (`review_id`) ON DELETE CASCADE
) ENGINE=InnoDB AUTO_INCREMENT=216 DEFAULT CHARSET=utf8mb4 COLLATE=utf8mb4_unicode_ci;
/*!40101 SET character_set_client = @saved_cs_client */;

--
-- Dumping data for table `review_photos`
--

LOCK TABLES `review_photos` WRITE;
/*!40000 ALTER TABLE `review_photos` DISABLE KEYS */;
INSERT INTO `review_photos` VALUES (167,94,'/uploads/reviews/reviews_1.jpg',0,'2025-11-04 18:26:27'),(168,95,'/uploads/reviews/reviews_2_1.jpg',0,'2025-11-04 18:26:27'),(169,95,'/uploads/reviews/reviews_2_2.jpg',1,'2025-11-04 18:26:27'),(170,96,'/uploads/reviews/reviews_3.jpg',0,'2025-11-04 18:26:27'),(171,97,'/uploads/reviews/reviews_4_1.jpg',0,'2025-11-04 18:26:27'),(172,97,'/uploads/reviews/reviews_4_2.jpg',1,'2025-11-04 18:26:27'),(173,98,'/uploads/reviews/reviews_5.jpg',0,'2025-11-04 18:26:27'),(174,99,'/uploads/reviews/reviews_6.jpg',0,'2025-11-04 18:26:27'),(175,100,'/uploads/reviews/reviews_7.jpg',0,'2025-11-04 18:26:27'),(176,101,'/uploads/reviews/reviews_8.jpg',0,'2025-11-04 18:26:27'),(177,102,'/uploads/reviews/reviews_9.jpg',0,'2025-11-04 18:26:27'),(178,103,'/uploads/reviews/reviews_10_1.jpg',0,'2025-11-04 18:26:28'),(179,103,'/uploads/reviews/reviews_10_2.jpg',1,'2025-11-04 18:26:28'),(180,103,'/uploads/reviews/reviews_10_3.jpg',2,'2025-11-04 18:26:28'),(181,104,'/uploads/reviews/reviews_11.jpg',0,'2025-11-04 18:26:28'),(182,105,'/uploads/reviews/reviews_12.jpg',0,'2025-11-04 18:26:28'),(183,106,'/uploads/reviews/reviews_13.jpg',0,'2025-11-04 18:26:28'),(184,107,'/uploads/reviews/reviews_14_1.jpg',0,'2025-11-04 18:26:28'),(185,107,'/uploads/reviews/reviews_14_2.jpg',1,'2025-11-04 18:26:28'),(186,107,'/uploads/reviews/reviews_14_3.jpg',2,'2025-11-04 18:26:28'),(187,107,'/uploads/reviews/reviews_14_4.jpg',3,'2025-11-04 18:26:28'),(188,108,'/uploads/reviews/reviews_15.jpg',0,'2025-11-04 18:26:28'),(189,109,'/uploads/reviews/reviews_16_1.jpg',0,'2025-11-04 18:26:28'),(190,109,'/uploads/reviews/reviews_16_2.jpg',1,'2025-11-04 18:26:28'),(191,109,'/uploads/reviews/reviews_16_3.jpg',2,'2025-11-04 18:26:28'),(192,109,'/uploads/reviews/reviews_16_4.jpg',3,'2025-11-04 18:26:28'),(193,109,'/uploads/reviews/reviews_16_5.jpg',4,'2025-11-04 18:26:28'),(194,109,'/uploads/reviews/reviews_16_6.jpg',5,'2025-11-04 18:26:28'),(195,109,'/uploads/reviews/reviews_16_7.jpg',6,'2025-11-04 18:26:28'),(196,109,'/uploads/reviews/reviews_16_8.jpg',7,'2025-11-04 18:26:28'),(197,111,'/uploads/reviews/reviews_17.jpg',0,'2025-11-04 18:26:28'),(198,112,'/uploads/reviews/reviews_18_1.jpg',0,'2025-11-04 18:26:28'),(199,112,'/uploads/reviews/reviews_18_2.jpg',1,'2025-11-04 18:26:28'),(200,113,'/uploads/reviews/reviews_19_1.jpg',0,'2025-11-04 18:26:28'),(201,113,'/uploads/reviews/reviews_19_2.jpg',1,'2025-11-04 18:26:28'),(202,114,'/uploads/reviews/reviews_20_1.jpg',0,'2025-11-04 18:26:28'),(203,114,'/uploads/reviews/reviews_20_2.jpg',1,'2025-11-04 18:26:28'),(204,114,'/uploads/reviews/reviews_20_3.jpg',2,'2025-11-04 18:26:28'),(205,115,'/uploads/reviews/reviews_21_1.jpg',0,'2025-11-04 18:26:28'),(206,115,'/uploads/reviews/reviews_21_2.jpg',1,'2025-11-04 18:26:28'),(207,116,'/uploads/reviews/reviews_22.jpg',0,'2025-11-04 18:26:28'),(208,117,'/uploads/reviews/reviews_23.jpg',0,'2025-11-04 18:26:28'),(209,118,'/uploads/reviews/reviews_24.jpg',0,'2025-11-04 18:26:28'),(210,119,'/uploads/reviews/reviews_25.jpg',0,'2025-11-04 18:26:28'),(211,120,'/uploads/reviews/review-1762371956365-138915087.png',0,'2025-11-05 19:45:57'),(212,120,'/uploads/reviews/review-1762371956395-401844120.png',0,'2025-11-05 19:45:57'),(213,120,'/uploads/reviews/review-1762371956437-572893005.png',0,'2025-11-05 19:45:57'),(214,121,'/uploads/reviews/review-1762378002463-21019352.mp4',0,'2025-11-05 21:26:43'),(215,121,'/uploads/reviews/review-1762378002568-564124841.png',0,'2025-11-05 21:26:43');
/*!40000 ALTER TABLE `review_photos` ENABLE KEYS */;
UNLOCK TABLES;

--
-- Table structure for table `reviews`
--

DROP TABLE IF EXISTS `reviews`;
/*!40101 SET @saved_cs_client     = @@character_set_client */;
/*!50503 SET character_set_client = utf8mb4 */;
CREATE TABLE `reviews` (
  `review_id` int NOT NULL AUTO_INCREMENT,
  `telegram_id` bigint NOT NULL,
  `username` varchar(100) COLLATE utf8mb4_unicode_ci DEFAULT NULL,
  `full_name` varchar(255) COLLATE utf8mb4_unicode_ci DEFAULT NULL,
  `rating` int NOT NULL,
  `review_text` text COLLATE utf8mb4_unicode_ci,
  `photo_url` varchar(500) COLLATE utf8mb4_unicode_ci DEFAULT NULL,
  `created_at` timestamp NULL DEFAULT CURRENT_TIMESTAMP,
  `updated_at` timestamp NULL DEFAULT CURRENT_TIMESTAMP ON UPDATE CURRENT_TIMESTAMP,
  `is_approved` tinyint(1) DEFAULT '0' COMMENT '0 - не одобрен, 1 - одобрен',
  `moderated_at` timestamp NULL DEFAULT NULL COMMENT 'Время одобрения отзыва',
  `moderated_by` varchar(50) COLLATE utf8mb4_unicode_ci DEFAULT NULL COMMENT 'Telegram ID модератора, который одобрил отзыв',
  PRIMARY KEY (`review_id`),
  KEY `telegram_id` (`telegram_id`),
  KEY `created_at` (`created_at`),
  KEY `rating` (`rating`),
  KEY `idx_reviews_rating` (`rating`),
  KEY `idx_reviews_telegram_id_approved` (`telegram_id`),
  KEY `idx_reviews_created_at` (`created_at`),
  KEY `idx_reviews_approved` (`is_approved`),
  CONSTRAINT `reviews_ibfk_1` FOREIGN KEY (`telegram_id`) REFERENCES `users` (`telegram_id`) ON DELETE CASCADE,
  CONSTRAINT `reviews_chk_1` CHECK (((`rating` >= 1) and (`rating` <= 5)))
) ENGINE=InnoDB AUTO_INCREMENT=122 DEFAULT CHARSET=utf8mb4 COLLATE=utf8mb4_unicode_ci;
/*!40101 SET character_set_client = @saved_cs_client */;

--
-- Dumping data for table `reviews`
--

LOCK TABLES `reviews` WRITE;
/*!40000 ALTER TABLE `reviews` DISABLE KEYS */;
INSERT INTO `reviews` VALUES (94,685895967,NULL,'Фёдор',5,'Форсы пришли очень быстро, все очень понравилось. Артему респект за быстрое оформление заказа и приятные цены, буду заказывать еще 💪🏻',NULL,'2024-12-12 17:21:00','2025-11-04 18:26:27',1,NULL,NULL),(95,881445662,'@ffilaaa',NULL,5,'заказывал тимбы, все четко и по делу, отдельное спасибо за оперативность',NULL,'2024-12-12 17:21:00','2025-11-04 18:26:27',1,NULL,NULL),(96,588673930,'@savelporokin',NULL,5,'Заказывал себе обувь на зиму, пришла без задержек и прочих неполадок. Общая сумма заказа на порядок ниже того, что могут предложить оффлайн магазины. Благодарен за качественное и оперативное исполнение заказа. Теперь буду пользоваться только этим сервисом, крайне рекомендую.',NULL,'2024-12-13 14:42:00','2025-11-04 18:26:27',1,NULL,NULL),(97,717120737,'@marksapozhnikov',NULL,5,'Заказывал через poizonic, реально крутой сервис. Доставили почти за две недели, и все прошло без проблем. Рекомендую',NULL,'2024-12-15 20:28:00','2025-11-04 18:26:27',1,NULL,NULL),(98,769042837,'@pashakhom',NULL,5,'Боты пришли быстро, даже быстрее чем ориентировочная дата. Коробка в порядке. Наценка совсем небольшая, за подобную услугу абсолютно оправданная цена. Спасибо, всем доволен)',NULL,'2024-12-21 07:43:00','2025-11-04 18:26:27',1,NULL,NULL),(99,848584135,'@ilya_achincev',NULL,5,'Спасибо большое за доставленную пару! Очень оперативно, отзывчивый менеджер, обязательно буду заказывать еще и еще!',NULL,'2025-01-11 18:39:00','2025-11-04 18:26:27',1,NULL,NULL),(100,229385394,'@kulizzka',NULL,5,'оперативная доставка без заморочек + сладкая цена не может не радовать, спасибо ребята, буду заказывать еще 😜',NULL,'2025-01-22 02:09:00','2025-11-04 18:26:27',1,NULL,NULL),(101,685895967,NULL,'Фёдор',5,'Уже второй раз заказываю в этом магазине. Джорданы пришли очень быстро, качество на высшем уровне',NULL,'2025-03-25 07:42:00','2025-11-04 18:26:27',1,NULL,NULL),(102,881445662,'@ffilaaa',NULL,5,'Сервис у poizonic как обычно на высоте, полный газ!💨 🚀',NULL,'2025-03-29 07:23:00','2025-11-04 18:26:27',1,NULL,NULL),(103,717120737,'@marksapozhnikov',NULL,5,'Спасибо, Артему! Все качественно четко привез. Буду заказывать еще',NULL,'2025-03-29 07:23:00','2025-11-04 18:26:27',1,NULL,NULL),(104,974171981,'@broken1ce23',NULL,5,'Заказывал штаны, качество бомба, доставка быстрая, всем рекомендую сервис🤙',NULL,'2025-04-21 09:17:00','2025-11-04 18:26:28',1,NULL,NULL),(105,769042837,'@pashakhom',NULL,5,'Кроссовки пришли достаточно быстро, и цена как всегда радует! Заказываю здесь уже второй раз и никаких проблем не возникло, буду заказывать еще)',NULL,'2025-04-22 11:35:00','2025-11-04 18:26:28',1,NULL,NULL),(106,848584135,'@ilya_achincev',NULL,5,'Спасибо за оперативность! Все доставлено в сроки, подошло размер в размер. Девушка довольна, будем заказывать еще!',NULL,'2025-05-15 13:21:00','2025-11-04 18:26:28',1,NULL,NULL),(107,523178359,'@avlovaa',NULL,5,'Спасибо за помощь в заказе poizonic! Всё оформили быстро и максимально понятно, ответили на интересующие вопросы. С доставкой тоже проблем не было, прислали трек номер, посылку отслеживала. Дошла за 3,5 недели, я довольна, советую сервис, буду обращаться ещё!👍💘',NULL,'2025-05-22 11:34:00','2025-11-04 18:26:28',1,NULL,NULL),(108,881445662,'@ffilaaa',NULL,5,'Poizonic🤝 Быстро, недорого, индивидуальный подход❗️',NULL,'2025-05-22 18:59:00','2025-11-04 18:26:28',1,NULL,NULL),(109,141391979,NULL,'Елизавета Белькова',5,'Посылка пришла вовремя, согласно оговоренного срока. Кроссовки упакованы в двух коробках, упаковка целая, не повреждена. Посылка соответствует тому, что заказывала. Кроссовки соответствуют указанному размеру, очень удобные. Покупкой довольна.',NULL,'2025-05-24 06:35:00','2025-11-04 18:26:28',1,NULL,NULL),(110,660119985,NULL,'Elnur',5,'Приветствую! Все пришло большое спасибо ! Будем обращаться 🤝',NULL,'2025-06-16 13:58:00','2025-11-04 18:26:28',1,NULL,NULL),(111,103178452,'@phaepich',NULL,5,'Спасибо пойзонику за низкую комиссию и быструю отправку! Заказывал 2 пары: палермы и спешиалы. Менеджер отвечал быстро, заказ оформили в тот же день. Через 22 дня пары уже были у меня. Короче, хорошие ребята с хорошей комиссией. Явно буду брать ещё',NULL,'2025-06-27 15:04:00','2025-11-04 18:26:28',1,NULL,NULL),(112,229385394,'@kulizzka',NULL,5,'мой любимый сервис 10/10 снова порадовал новым айтемом🤗 быстро четко как всегда мистер йе доволен',NULL,'2025-08-08 10:22:00','2025-11-04 18:26:28',1,NULL,NULL),(113,299660326,'@marrgiza',NULL,5,'Спасибо большое за кроссовки 👟 Все понравилось, помогли с выбором модели и размера, все подошло идеально! Также ответили на все мои вопросы и держали в курсе перемещений посылки Обязательно буду заказывать еще ❤️',NULL,'2025-08-24 18:00:00','2025-11-04 18:26:28',1,NULL,NULL),(114,490940975,'@nedashkevich_23',NULL,5,'Заказала биркенштоки через ребят — всё прошло максимально гладко! 🚀 Пришли быстро, без задержек, в оригинальной коробке, качество 🔝',NULL,'2025-08-31 08:42:00','2025-11-04 18:26:28',1,NULL,NULL),(115,143035898,NULL,'Freemelly',5,'Все прошло отлично. Помогли с размером, доставка быстрая, менеджер всегда был на связи. Никаких проблем с момента оформления заказа и до получения не было. Советую!!',NULL,'2025-09-19 08:19:00','2025-11-04 18:26:28',1,NULL,NULL),(116,970223501,'@happy_goga',NULL,5,'Выбрали, заказали, доставили. Всё быстро и просто. На протяжении всего времени была постоянная связь, менеджер уведомлял о каждом шаге. Однозначно рекомендую. Спасибо, poizonic!♥️🔥',NULL,'2025-10-06 13:24:00','2025-11-04 18:26:28',1,NULL,NULL),(117,244879858,'@pr0kh1',NULL,5,'Poizonic🤝 Быстро, недорого, индивидуальный подход❗️',NULL,'2025-11-04 18:04:00','2025-11-04 18:26:28',1,NULL,NULL),(118,588673930,'@savelporokin',NULL,5,'Заказывал кроссовки, пришли в срок, комплект без повреждений, все в порядке. Кроссовками доволен, сервис на высшем уровне, рекомендую',NULL,'2025-11-04 18:04:00','2025-11-04 18:26:28',1,NULL,NULL),(119,881445662,'@ffilaaa',NULL,5,'быстро, всегда на связи, как обычно все на высшем уровне🔝',NULL,'2025-11-04 18:04:00','2025-11-04 18:26:28',1,NULL,NULL),(120,123456789,'test_user','Test User',5,'Супер!','/uploads/reviews/review-1762371956365-138915087.png','2025-11-05 19:45:57','2025-11-05 20:23:47',1,'2025-11-05 20:23:47','admin'),(121,123456789,'test_user','Test User',5,'Класс','/uploads/reviews/review-1762378002463-21019352.mp4','2025-11-05 21:26:43','2025-11-05 21:27:14',1,'2025-11-05 21:27:14','admin');
/*!40000 ALTER TABLE `reviews` ENABLE KEYS */;
UNLOCK TABLES;

--
-- Table structure for table `system_logs`
--

DROP TABLE IF EXISTS `system_logs`;
/*!40101 SET @saved_cs_client     = @@character_set_client */;
/*!50503 SET character_set_client = utf8mb4 */;
CREATE TABLE `system_logs` (
  `id` int NOT NULL AUTO_INCREMENT,
  `log_level` varchar(20) COLLATE utf8mb4_unicode_ci NOT NULL,
  `log_message` text COLLATE utf8mb4_unicode_ci NOT NULL,
  `log_data` json DEFAULT NULL,
  `telegram_id` bigint DEFAULT NULL,
  `created_at` timestamp NULL DEFAULT CURRENT_TIMESTAMP,
  PRIMARY KEY (`id`),
  KEY `log_level` (`log_level`),
  KEY `telegram_id` (`telegram_id`),
  KEY `created_at` (`created_at`)
) ENGINE=InnoDB AUTO_INCREMENT=93 DEFAULT CHARSET=utf8mb4 COLLATE=utf8mb4_unicode_ci;
/*!40101 SET character_set_client = @saved_cs_client */;

--
-- Dumping data for table `system_logs`
--

LOCK TABLES `system_logs` WRITE;
/*!40000 ALTER TABLE `system_logs` DISABLE KEYS */;
INSERT INTO `system_logs` VALUES (1,'info','Новый заказ создан: #40','{\"orderId\": 40, \"telegramId\": \"unknown\", \"productLink\": \"https://poizon.com\", \"productSize\": \"12\"}',0,'2025-09-27 10:58:09'),(2,'info','Заказ на покупку юаня: 200 CNY за 2556 RUB (Базовый)','{\"tariff\": \"Базовый\", \"savings\": -0.9799999999998475, \"userLink\": \"tg://user?id=demo\", \"amountCny\": 200, \"amountRub\": 2556, \"purchaseId\": 1, \"telegramId\": \"demo\"}',0,'2025-09-28 13:32:50'),(3,'info','Заказ на покупку юаня: 1000 CNY за 12300 RUB (Премиум)','{\"tariff\": \"Премиум\", \"savings\": 475.0999999999994, \"userLink\": \"tg://user?id=demo\", \"amountCny\": 1000, \"amountRub\": 12300, \"purchaseId\": 2, \"telegramId\": \"demo\"}',0,'2025-09-28 13:40:39'),(4,'info','Заказ на покупку юаня: 1000 CNY за 12300 RUB (Премиум)','{\"tariff\": \"Премиум\", \"savings\": 475.0999999999994, \"userLink\": \"tg://user?id=demo\", \"amountCny\": 1000, \"amountRub\": 12300, \"purchaseId\": 3, \"telegramId\": \"demo\"}',0,'2025-09-28 13:47:17'),(5,'info','Заказ на покупку юаня: 2000 CNY за 24600 RUB (Премиум)','{\"tariff\": \"Премиум\", \"savings\": 950.1999999999988, \"userLink\": \"tg://user?id=demo\", \"amountCny\": 2000, \"amountRub\": 24600, \"purchaseId\": 4, \"telegramId\": \"demo\"}',0,'2025-09-28 13:59:31'),(6,'info','Новый заказ создан: #41','{\"orderId\": 41, \"telegramId\": \"unknown\", \"productLink\": \"https://poizon.com\", \"productSize\": \"12\"}',0,'2025-09-28 13:59:55'),(7,'info','Новый заказ создан: #42','{\"orderId\": 42, \"telegramId\": \"unknown\", \"productLink\": \"https://poizon.com\", \"productSize\": \"12\"}',0,'2025-09-28 14:12:57'),(8,'info','Заказ на покупку юаня: 1000 CNY за 12300 RUB (Премиум)','{\"tariff\": \"Премиум\", \"savings\": 475.0999999999994, \"userLink\": \"tg://user?id=demo\", \"amountCny\": 1000, \"amountRub\": 12300, \"purchaseId\": 5, \"telegramId\": \"demo\"}',0,'2025-09-28 14:49:24'),(9,'info','Новый заказ создан: #43','{\"orderId\": 43, \"telegramId\": \"unknown\", \"productLink\": \"https://poizon.com\", \"productSize\": \"12\"}',0,'2025-09-28 16:44:19'),(10,'info','Новый заказ создан: #46 (2 товаров)','{\"items\": [{\"quantity\": 1, \"productLink\": \"https://poizon.com\", \"productSize\": \"12\"}, {\"quantity\": 3, \"productLink\": \"https://poizon.com\", \"productSize\": \"22\"}], \"orderId\": 46, \"fullName\": \"Павшок Артём Сергеевич\", \"itemsCount\": 2, \"telegramId\": \"unknown\", \"phoneNumber\": \"+7 (963) 005-65-55\", \"pickupPoint\": \"Boxberry\", \"totalSavings\": 10000}',0,'2025-09-28 17:07:44'),(11,'info','Новый заказ создан: #47 (1 товаров)','{\"items\": [{\"quantity\": 1, \"productLink\": \"https://poizon.com\", \"productSize\": \"11\"}], \"orderId\": 47, \"fullName\": \"Павшок Артём Сергеевич\", \"itemsCount\": 1, \"telegramId\": \"unknown\", \"phoneNumber\": \"+7 (963) 005-65-55\", \"pickupPoint\": \"Boxberry\", \"totalSavings\": 5000}',0,'2025-09-28 18:15:53'),(12,'info','Заказ на покупку юаня: 10000 CNY за 119951.00000000001 RUB (Ultimate)','{\"tariff\": \"Ultimate\", \"savings\": 7799.999999999994, \"userLink\": \"tg://user?id=demo\", \"amountCny\": 10000, \"amountRub\": 119951.0, \"purchaseId\": 6, \"telegramId\": \"demo\"}',0,'2025-09-28 19:19:21'),(13,'info','Заказ на покупку юаня: 1000 CNY за 12295.1 RUB (Премиум)','{\"tariff\": \"Премиум\", \"savings\": 480.00000000000045, \"userLink\": \"tg://user?id=demo\", \"amountCny\": 1000, \"amountRub\": 12295.1, \"purchaseId\": 7, \"telegramId\": \"demo\"}',0,'2025-09-28 19:20:13'),(14,'info','Заказ на покупку юаня: 1234 CNY за 15172.1534 RUB (Премиум)','{\"tariff\": \"Премиум\", \"savings\": 592.3200000000005, \"userLink\": \"tg://user?id=demo\", \"amountCny\": 1234, \"amountRub\": 15172.1534, \"purchaseId\": 8, \"telegramId\": \"demo\"}',0,'2025-09-28 19:25:17'),(15,'info','Заказ на покупку юаня: 1111 CNY за 13659.856099999999 RUB (Премиум)','{\"tariff\": \"Премиум\", \"savings\": 533.2800000000004, \"userLink\": \"tg://user?id=demo\", \"amountCny\": 1111, \"amountRub\": 13659.8561, \"purchaseId\": 9, \"telegramId\": \"demo\"}',0,'2025-09-28 19:35:27'),(16,'info','Заказ на покупку юаня: 1001 CNY за 12307.3951 RUB (Премиум)','{\"tariff\": \"Премиум\", \"savings\": 480.4800000000004, \"userLink\": \"tg://user?id=demo\", \"amountCny\": 1001, \"amountRub\": 12307.3951, \"purchaseId\": 10, \"telegramId\": \"demo\"}',0,'2025-09-28 19:50:26'),(17,'info','Уведомление отправлено пользователю 690296532','{\"message\": \"Привет, это тестовое сообщение\", \"fullName\": null, \"username\": null, \"telegramId\": \"690296532\"}',NULL,'2025-09-28 21:00:28'),(18,'info','Комиссия пользователя 690296532 изменена на 3.0%','{\"fullName\": null, \"username\": null, \"telegramId\": \"690296532\", \"newCommission\": 0.03}',NULL,'2025-09-28 21:09:03'),(19,'info','Новый заказ создан: #48 (1 товаров)','{\"items\": [{\"quantity\": 2, \"productLink\": \"https://poizon.com\", \"productSize\": \"12\"}], \"orderId\": 48, \"fullName\": \"Павшок Артём Сергеевич\", \"itemsCount\": 1, \"telegramId\": \"unknown\", \"phoneNumber\": \"+7 (963) 005-65-55\", \"pickupPoint\": \"СДЭК\", \"totalSavings\": 5000}',0,'2025-10-01 21:40:21'),(20,'info','Админ продлил скидку пользователю 690296532 на 13 дней','{\"days\": 13, \"fullName\": null, \"username\": null, \"telegramId\": \"690296532\", \"newExpiryDate\": \"2025-10-16T10:08:18.618Z\"}',NULL,'2025-10-03 10:08:19'),(21,'info','Новый заказ #49 (2 товаров)','{\"orderId\": 49, \"itemsCount\": 2, \"telegramId\": \"unknown\", \"totalSavings\": 10000}',0,'2025-10-06 15:09:34'),(22,'info','Покупка юаня: 1000 CNY за 12178.099999999999 RUB','{\"purchaseId\": 11, \"telegramId\": \"demo\"}',0,'2025-10-06 15:23:19'),(23,'info','Админ продлил скидку пользователю 690296532 на 7 дней','{\"days\": 7, \"telegramId\": 690296532, \"newExpiryDate\": \"2025-10-23T10:08:19.000Z\"}',NULL,'2025-10-06 15:35:03'),(24,'info','Новый отзыв создан: #8','{\"rating\": \"5\", \"reviewId\": 8, \"telegramId\": \"123456789\"}',123456789,'2025-10-07 14:53:02'),(25,'info','Новый отзыв создан: #9','{\"rating\": \"5\", \"reviewId\": 9, \"telegramId\": \"123456789\"}',123456789,'2025-10-07 15:07:53'),(26,'info','Новый отзыв создан: #10','{\"rating\": \"5\", \"reviewId\": 10, \"telegramId\": \"123456789\"}',123456789,'2025-10-07 15:10:48'),(27,'info','Новый отзыв создан: #11','{\"rating\": \"4\", \"reviewId\": 11, \"telegramId\": \"123456789\"}',123456789,'2025-10-07 15:12:26'),(28,'info','Новый отзыв создан: #12','{\"rating\": \"5\", \"reviewId\": 12, \"telegramId\": \"123456789\"}',123456789,'2025-10-07 15:14:01'),(29,'info','Новый отзыв создан: #13','{\"rating\": \"5\", \"reviewId\": 13, \"telegramId\": \"123456789\"}',123456789,'2025-10-07 15:27:29'),(30,'info','Новый отзыв создан: #14','{\"rating\": \"5\", \"reviewId\": 14, \"telegramId\": \"123456789\"}',123456789,'2025-10-07 18:45:12'),(31,'info','Новый отзыв создан: #15','{\"rating\": \"5\", \"reviewId\": 15, \"telegramId\": \"123456789\"}',123456789,'2025-10-07 22:37:24'),(32,'info','Новый отзыв создан: #16','{\"rating\": \"5\", \"reviewId\": 16, \"telegramId\": \"123456789\"}',123456789,'2025-10-07 22:40:38'),(33,'info','Новый отзыв создан: #17','{\"rating\": \"5\", \"reviewId\": 17, \"telegramId\": \"123456789\"}',123456789,'2025-10-07 22:44:09'),(34,'info','Новый отзыв создан: #18','{\"rating\": \"1\", \"reviewId\": 18, \"telegramId\": \"123456789\"}',123456789,'2025-10-07 22:47:02'),(35,'info','Новый отзыв создан: #19','{\"rating\": \"3\", \"reviewId\": 19, \"telegramId\": \"123456789\"}',123456789,'2025-10-07 23:14:13'),(36,'info','Новый отзыв создан: #20','{\"rating\": \"3\", \"reviewId\": 20, \"telegramId\": \"123456789\"}',123456789,'2025-10-07 23:16:32'),(37,'info','Комиссия пользователя 1036659666 возвращена к 5% после истечения скидки','{\"telegramId\": 1036659666, \"newCommission\": 0.05, \"oldCommission\": \"0.04\"}',NULL,'2025-10-08 06:05:13'),(38,'info','Новый отзыв создан: #21','{\"rating\": \"5\", \"reviewId\": 21, \"telegramId\": \"123456789\"}',123456789,'2025-10-08 08:53:33'),(39,'info','Новый отзыв создан: #22','{\"rating\": \"5\", \"reviewId\": 22, \"telegramId\": \"123456789\"}',123456789,'2025-10-08 15:38:35'),(40,'info','Новый отзыв создан: #23','{\"rating\": \"5\", \"reviewId\": 23, \"telegramId\": \"123456789\"}',123456789,'2025-10-08 15:45:26'),(41,'info','Новый отзыв создан: #24','{\"rating\": \"5\", \"reviewId\": 24, \"telegramId\": \"123456789\"}',123456789,'2025-10-08 15:46:02'),(42,'info','Новый отзыв создан: #25','{\"rating\": \"5\", \"reviewId\": 25, \"telegramId\": \"123456789\"}',123456789,'2025-10-08 15:51:42'),(43,'info','Новый отзыв создан: #26','{\"rating\": \"5\", \"reviewId\": 26, \"telegramId\": \"123456789\"}',123456789,'2025-10-08 15:57:23'),(44,'info','Новый отзыв создан: #27','{\"rating\": \"5\", \"reviewId\": 27, \"telegramId\": \"123456789\"}',123456789,'2025-10-08 19:17:35'),(45,'info','Новый отзыв создан: #28','{\"rating\": \"5\", \"reviewId\": 28, \"telegramId\": \"123456789\"}',123456789,'2025-10-08 19:31:05'),(46,'info','Новый отзыв создан: #29','{\"rating\": \"5\", \"reviewId\": 29, \"telegramId\": \"123456789\"}',123456789,'2025-10-08 19:33:24'),(47,'info','Новый отзыв создан: #30','{\"rating\": \"5\", \"reviewId\": 30, \"telegramId\": \"123456789\"}',123456789,'2025-10-08 20:01:10'),(48,'info','Новый заказ создан: #50 (1 товаров)','{\"items\": [{\"quantity\": 1, \"productLink\": \"https://poizon.com\", \"productSize\": \"12\"}], \"orderId\": 50, \"fullName\": \"Павшок Артём Сергеевич\", \"itemsCount\": 1, \"telegramId\": \"unknown\", \"phoneNumber\": \"+7 (963) 005-65-55\", \"pickupPoint\": \"СДЭК\", \"totalSavings\": 5000}',0,'2025-10-15 19:12:40'),(49,'info','Новый заказ создан: #51 (1 товаров)','{\"items\": [{\"quantity\": 1, \"productLink\": \"https://poizon.com\", \"productSize\": \"12\"}], \"orderId\": 51, \"fullName\": \"Павшок Артём Сергеевич\", \"itemsCount\": 1, \"telegramId\": \"unknown\", \"phoneNumber\": \"+7 (963) 005-65-55\", \"pickupPoint\": \"СДЭК\", \"totalSavings\": 5000}',0,'2025-10-15 19:38:09'),(50,'info','Новый заказ создан: #52 (1 товаров)','{\"items\": [{\"quantity\": 1, \"productLink\": \"https://poizon.com\", \"productSize\": \"12\"}], \"orderId\": 52, \"fullName\": \"Павшок Артём Сергеевич\", \"itemsCount\": 1, \"telegramId\": \"unknown\", \"phoneNumber\": \"+7 (963) 005-65-55\", \"pickupPoint\": \"СДЭК\", \"totalSavings\": 5000}',0,'2025-10-15 19:42:57'),(51,'info','Новый заказ создан: #53 (1 товаров)','{\"items\": [{\"quantity\": 1, \"productLink\": \"https://poizon.com\", \"productSize\": \"12\"}], \"orderId\": 53, \"fullName\": \"Павшок Артём Сергеевич\", \"itemsCount\": 1, \"telegramId\": \"unknown\", \"phoneNumber\": \"+7 (963) 005-65-55\", \"pickupPoint\": \"СДЭК\", \"totalSavings\": 5000}',0,'2025-10-15 19:51:30'),(52,'info','Новый заказ создан: #54 (1 товаров)','{\"items\": [{\"quantity\": 1, \"productLink\": \"https://poizon.com\", \"productSize\": \"11\"}], \"orderId\": 54, \"fullName\": \"Павшок Артём Сергеевич\", \"itemsCount\": 1, \"telegramId\": \"unknown\", \"phoneNumber\": \"+7 (963) 005-65-55\", \"pickupPoint\": \"Boxberry\", \"totalSavings\": 5000}',0,'2025-10-15 19:52:19'),(53,'info','Новый заказ создан: #55 (1 товаров)','{\"items\": [{\"quantity\": 1, \"productLink\": \"https://poizon.com\", \"productSize\": \"11\"}], \"orderId\": 55, \"fullName\": \"Павшок Артём Сергеевич\", \"itemsCount\": 1, \"telegramId\": \"unknown\", \"phoneNumber\": \"+7 (963) 005-65-55\", \"pickupPoint\": \"Boxberry\", \"totalSavings\": 5000}',0,'2025-10-15 19:57:18'),(54,'info','Новый заказ создан: #56 (1 товаров)','{\"items\": [{\"quantity\": 1, \"productLink\": \"https://poizon.com\", \"productSize\": \"11\"}], \"orderId\": 56, \"fullName\": \"Павшок Артём Сергеевич\", \"itemsCount\": 1, \"telegramId\": \"unknown\", \"phoneNumber\": \"+7 (963) 005-65-55\", \"pickupPoint\": \"Boxberry\", \"totalSavings\": 5000}',0,'2025-10-15 20:03:43'),(55,'info','Новый заказ создан: #57 (1 товаров)','{\"items\": [{\"quantity\": 1, \"productLink\": \"https://poizon.com\", \"productSize\": \"22\"}], \"orderId\": 57, \"fullName\": \"Павшок Артём Сергеевич\", \"itemsCount\": 1, \"telegramId\": \"unknown\", \"phoneNumber\": \"+7 (963) 005-65-55\", \"pickupPoint\": \"СДЭК\", \"totalSavings\": 5000}',0,'2025-10-15 20:06:12'),(56,'info','Заказ на покупку юаня: 1111 CNY за 12979.0353 RUB (Премиум)','{\"tariff\": \"Премиум\", \"savings\": 533.2800000000004, \"userLink\": \"tg://user?id=demo\", \"amountCny\": 1111, \"amountRub\": 12979.0353, \"purchaseId\": 12, \"telegramId\": \"demo\"}',0,'2025-10-16 19:37:22'),(57,'info','Заказ на покупку юаня: 1111 CNY за 12979.0353 RUB (Премиум)','{\"tariff\": \"Премиум\", \"savings\": 533.2800000000004, \"userLink\": \"tg://user?id=demo\", \"amountCny\": 1111, \"amountRub\": 12979.0353, \"purchaseId\": 13, \"telegramId\": \"demo\"}',0,'2025-10-16 19:42:41'),(58,'info','Заказ на покупку юаня: 2222 CNY за 25958.0706 RUB (Премиум)','{\"tariff\": \"Премиум\", \"savings\": 1066.5600000000009, \"userLink\": \"tg://user?id=demo\", \"amountCny\": 2222, \"amountRub\": 25958.0706, \"purchaseId\": 14, \"telegramId\": \"demo\"}',0,'2025-10-16 19:47:43'),(59,'info','Заказ на покупку юаня: 1233 CNY за 14404.275899999999 RUB (Премиум)','{\"tariff\": \"Премиум\", \"savings\": 591.8400000000005, \"userLink\": \"tg://user?id=demo\", \"amountCny\": 1233, \"amountRub\": 14404.2759, \"purchaseId\": 15, \"telegramId\": \"demo\"}',0,'2025-10-16 20:43:41'),(60,'info','Заказ на покупку юаня: 345 CNY за 4195.9935 RUB (Базовый)','{\"tariff\": \"Базовый\", \"savings\": 0, \"userLink\": \"tg://user?id=demo\", \"amountCny\": 345, \"amountRub\": 4195.9935, \"purchaseId\": 16, \"telegramId\": \"demo\"}',0,'2025-10-16 21:01:00'),(61,'info','Заказ на покупку юаня: 1114 CNY за 13014.082199999999 RUB (Премиум)','{\"tariff\": \"Премиум\", \"savings\": 534.7200000000005, \"userLink\": \"tg://user?id=demo\", \"amountCny\": 1114, \"amountRub\": 13014.0822, \"purchaseId\": 17, \"telegramId\": \"demo\"}',0,'2025-10-16 21:04:11'),(62,'info','Заказ на покупку юаня: 1115 CNY за 13025.7645 RUB (Премиум)','{\"tariff\": \"Премиум\", \"savings\": 535.2000000000005, \"userLink\": \"tg://user?id=demo\", \"amountCny\": 1115, \"amountRub\": 13025.7645, \"purchaseId\": 18, \"telegramId\": \"demo\"}',0,'2025-10-16 21:04:21'),(63,'info','Новый заказ создан: #59 (1 товаров)','{\"items\": [{\"quantity\": 2, \"productLink\": \"https://poizon.com\", \"productSize\": \"22\"}], \"orderId\": 59, \"fullName\": \"Павшок Артём Сергеевич\", \"itemsCount\": 1, \"telegramId\": \"unknown\", \"phoneNumber\": \"+7 (963) 005-65-55\", \"pickupPoint\": \"СДЭК\", \"totalSavings\": 5000}',0,'2025-10-30 22:15:24'),(64,'info','Заказ на покупку юаня: 1000 CNY за 11915.199999999999 RUB (Премиум)','{\"tariff\": \"Премиум\", \"savings\": 480.00000000000045, \"userLink\": \"tg://user?id=demo\", \"amountCny\": 1000, \"amountRub\": 11915.2, \"purchaseId\": 20, \"telegramId\": \"demo\"}',0,'2025-10-30 22:15:34'),(65,'info','Новый отзыв создан: #1','{\"rating\": \"5\", \"reviewId\": 1, \"telegramId\": \"123456789\", \"photosCount\": 2}',123456789,'2025-11-01 21:48:44'),(66,'info','Новый отзыв создан: #120','{\"rating\": \"5\", \"reviewId\": 120, \"telegramId\": \"123456789\"}',123456789,'2025-11-05 19:45:58'),(67,'info','Новый отзыв создан: #121','{\"rating\": \"5\", \"reviewId\": 121, \"telegramId\": \"123456789\"}',123456789,'2025-11-05 21:26:44'),(68,'info','Новый заказ создан: #60 (1 товаров)','{\"items\": [{\"quantity\": 1, \"productLink\": \"https://poizon.com\", \"productSize\": \"12\"}], \"orderId\": 60, \"fullName\": \"Павшок Артём Сергеевич\", \"itemsCount\": 1, \"telegramId\": \"unknown\", \"phoneNumber\": \"+7 (963) 005-65-5\", \"pickupPoint\": \"Boxberry\", \"totalSavings\": 5000}',0,'2025-11-16 11:04:21'),(69,'info','Новый заказ создан: #61 (1 товаров)','{\"items\": [{\"quantity\": 1, \"productLink\": \"https://poizon.com\", \"productSize\": \"12\"}], \"orderId\": 61, \"fullName\": \"Павшок Артём Сергеевич\", \"itemsCount\": 1, \"telegramId\": \"unknown\", \"phoneNumber\": \"+7 (963) 005-65-55\", \"pickupPoint\": \"Яндекс доставка\", \"totalSavings\": 5000}',0,'2025-11-16 11:28:30'),(70,'info','Новый заказ создан: #62 (1 товаров)','{\"items\": [{\"quantity\": 1, \"productLink\": \"https://poizon.com\", \"productSize\": \"12\"}], \"orderId\": 62, \"fullName\": \"Павшок Артём Сергеевич\", \"itemsCount\": 1, \"telegramId\": \"unknown\", \"phoneNumber\": \"+7 (963) 005-65-55\", \"pickupPoint\": \"Яндекс доставка\", \"totalSavings\": 5000}',0,'2025-11-16 11:37:26'),(71,'info','Новый заказ создан: #63 (1 товаров)','{\"items\": [{\"quantity\": 1, \"productLink\": \"https://poizon.com\", \"productSize\": \"12\"}], \"orderId\": 63, \"fullName\": \"Павшок Артём Сергеевич\", \"itemsCount\": 1, \"telegramId\": \"unknown\", \"phoneNumber\": \"+7 (963) 005-65-55\", \"pickupPoint\": \"Яндекс доставка\", \"totalSavings\": 5000}',0,'2025-11-16 11:40:12'),(72,'info','Новый заказ создан: #64 (1 товаров)','{\"items\": [{\"quantity\": 1, \"productLink\": \"https://poizon.com\", \"productSize\": \"12\"}], \"orderId\": 64, \"fullName\": \"Павшок Артём Сергеевич\", \"itemsCount\": 1, \"telegramId\": \"unknown\", \"phoneNumber\": \"+7 (963) 005-65-55\", \"pickupPoint\": \"Яндекс доставка\", \"totalSavings\": 5000}',0,'2025-11-16 11:40:31'),(73,'info','Новый заказ создан: #65 (1 товаров)','{\"items\": [{\"quantity\": 1, \"productLink\": \"https://poizon.com\", \"productSize\": \"11\"}], \"orderId\": 65, \"fullName\": \"Павшок Артём Сергеевич\", \"itemsCount\": 1, \"telegramId\": \"unknown\", \"phoneNumber\": \"+7 (963) 005-65-55\", \"pickupPoint\": \"СДЭК\", \"totalSavings\": 5000}',0,'2025-11-16 11:47:33'),(74,'info','Новый заказ создан: #66 (1 товаров)','{\"items\": [{\"quantity\": 1, \"productLink\": \"https://poizon.com\", \"productSize\": \"12\"}], \"orderId\": 66, \"fullName\": \"Павшок Артём Сергеевич\", \"itemsCount\": 1, \"telegramId\": \"unknown\", \"phoneNumber\": \"+7 (963) 005-65-55\", \"pickupPoint\": \"Яндекс доставка\", \"totalSavings\": 5000}',0,'2025-11-16 11:54:40'),(75,'info','Новый заказ создан: #67 (1 товаров)','{\"items\": [{\"quantity\": 1, \"productLink\": \"https://poizon.com\", \"productSize\": \"12\"}], \"orderId\": 67, \"fullName\": \"Павшок Артём Сергеевич\", \"itemsCount\": 1, \"telegramId\": \"unknown\", \"phoneNumber\": \"+7 (963) 005-65-55\", \"pickupPoint\": \"Яндекс доставка\", \"totalSavings\": 5000}',0,'2025-11-16 12:03:24'),(76,'info','Новый заказ создан: #68 (1 товаров)','{\"items\": [{\"quantity\": 1, \"productLink\": \"https://poizon.com\", \"productSize\": \"12\"}], \"orderId\": 68, \"fullName\": \"Павшок Артём Сергеевич\", \"itemsCount\": 1, \"telegramId\": \"unknown\", \"phoneNumber\": \"+7 (963) 005-65-55\", \"pickupPoint\": \"Яндекс доставка\", \"totalSavings\": 5000}',0,'2025-11-16 13:14:39'),(77,'info','Заказ на покупку юаня: 10000 CNY за 113411.00000000001 RUB (Ultimate)','{\"tariff\": \"Ultimate\", \"savings\": 7799.999999999994, \"userLink\": \"@young_temas\", \"amountCny\": 10000, \"amountRub\": 113411.0, \"purchaseId\": 21, \"telegramId\": \"690296532\"}',690296532,'2025-11-28 15:21:43'),(78,'info','Заказ на покупку юаня: 10000 CNY за 113411.00000000001 RUB (Ultimate)','{\"tariff\": \"Ultimate\", \"savings\": 7799.999999999994, \"userLink\": \"@young_temas\", \"amountCny\": 10000, \"amountRub\": 113411.0, \"purchaseId\": 22, \"telegramId\": \"690296532\"}',690296532,'2025-11-28 15:30:13'),(79,'info','Заказ на покупку юаня: 200 CNY за 2424.2200000000003 RUB (Базовый)','{\"tariff\": \"Базовый\", \"savings\": 0, \"userLink\": \"@young_temas\", \"amountCny\": 200, \"amountRub\": 2424.2200000000003, \"purchaseId\": 23, \"telegramId\": \"690296532\"}',690296532,'2025-11-28 15:30:25'),(80,'info','Заказ на покупку юаня: 200 CNY за 2424.2200000000003 RUB (Базовый)','{\"tariff\": \"Базовый\", \"savings\": 0, \"userLink\": \"@young_temas\", \"amountCny\": 200, \"amountRub\": 2424.2200000000003, \"purchaseId\": 24, \"telegramId\": \"690296532\"}',690296532,'2025-11-28 15:30:30'),(81,'info','Заказ на покупку юаня: 1500 CNY за 17181 RUB (Премиум)','{\"tariff\": \"Премиум\", \"savings\": 720.0000000000007, \"userLink\": \"@young_temas\", \"amountCny\": 1500, \"amountRub\": 17181, \"purchaseId\": 25, \"telegramId\": \"690296532\"}',690296532,'2025-12-09 15:43:58'),(82,'info','Новый заказ создан: #69 (1 товаров)','{\"items\": [{\"quantity\": 1, \"productLink\": \"https://dw4.co/t/A/1thHonawi\", \"productSize\": \"L\"}], \"orderId\": 69, \"fullName\": \"Павшок Артём Сергеевич\", \"itemsCount\": 1, \"telegramId\": \"690296532\", \"phoneNumber\": \"+7 (963) 005-65-55\", \"pickupPoint\": \"СДЭК\", \"totalSavings\": 5000}',690296532,'2025-12-10 09:12:52'),(83,'info','Новый заказ создан: #70 (1 товаров)','{\"items\": [{\"quantity\": 1, \"productLink\": \"https://dw4.co/t/A/1thHonawi\", \"productSize\": \"L\"}], \"orderId\": 70, \"fullName\": \"Павшок Артём Сергеевич 1\", \"itemsCount\": 1, \"telegramId\": \"690296532\", \"phoneNumber\": \"+7 (963) 005-65-55\", \"pickupPoint\": \"СДЭК\", \"totalSavings\": 5000}',690296532,'2025-12-10 09:48:12'),(84,'info','Новый заказ создан: #71 (1 товаров)','{\"items\": [{\"quantity\": 1, \"productLink\": \"https://dw4.co/t/A/1thHonawi\", \"productSize\": \"L\"}], \"orderId\": 71, \"fullName\": \"Павшок Артём Сергеевич 2\", \"itemsCount\": 1, \"telegramId\": \"690296532\", \"phoneNumber\": \"+7 (963) 005-65-55\", \"pickupPoint\": \"СДЭК\", \"totalSavings\": 5000}',690296532,'2025-12-10 10:06:18'),(85,'info','Новый заказ создан: #73 (1 товаров)','{\"items\": [{\"quantity\": 1, \"productLink\": \"dewu.com\", \"productSize\": \"L\"}], \"orderId\": 73, \"fullName\": \"Павшок \", \"itemsCount\": 1, \"telegramId\": \"690296532\", \"phoneNumber\": \"+7 (963) 005-65-55\", \"pickupPoint\": \"Яндекс доставка\", \"totalSavings\": 5000}',690296532,'2026-01-20 20:30:22'),(86,'info','Новый заказ создан: #74 (1 товаров)','{\"items\": [{\"quantity\": 2, \"productLink\": \"https://dw4.co/t/A/1thHonawi\", \"productSize\": \"12\"}], \"orderId\": 74, \"fullName\": \"Павшок Артём Сергеевич 1\", \"itemsCount\": 1, \"telegramId\": \"690296532\", \"phoneNumber\": \"+7 (963) 005-65-55\", \"pickupPoint\": \"СДЭК\", \"totalSavings\": 10000}',690296532,'2026-01-26 19:30:17'),(87,'info','Заказ на покупку юаня: 2000 CNY за 23190.199999999997 RUB (Премиум)','{\"tariff\": \"Премиум\", \"savings\": 960.0000000000008, \"userLink\": \"@young_temas\", \"amountCny\": 2000, \"amountRub\": 23190.199999999997, \"purchaseId\": 26, \"telegramId\": \"690296532\"}',690296532,'2026-01-27 18:20:38'),(88,'info','Заказ на покупку юаня: 201 CNY за 2427.0951 RUB (Базовый)','{\"tariff\": \"Базовый\", \"savings\": 0, \"userLink\": \"@young_temas\", \"amountCny\": 201, \"amountRub\": 2427.0951, \"purchaseId\": 27, \"telegramId\": \"690296532\"}',690296532,'2026-01-27 18:21:18'),(89,'info','Заказ на покупку юаня: 201 CNY за 2427.0951 RUB (Базовый)','{\"tariff\": \"Базовый\", \"savings\": 0, \"userLink\": \"@poizonic_manager\", \"amountCny\": 201, \"amountRub\": 2427.0951, \"purchaseId\": 28, \"telegramId\": \"7696515351\"}',7696515351,'2026-01-27 18:23:00'),(90,'info','Заказ на покупку юаня: 201 CNY за 2427.0951 RUB (Базовый)','{\"tariff\": \"Базовый\", \"savings\": 0, \"userLink\": \"@poizonic_manager\", \"amountCny\": 201, \"amountRub\": 2427.0951, \"purchaseId\": 29, \"telegramId\": \"7696515351\"}',7696515351,'2026-01-27 18:35:08'),(91,'info','Новый заказ создан: #75 (1 товаров)','{\"items\": [{\"quantity\": 2, \"productLink\": \"https://dw4.co/t/A/1thHonawi\", \"productSize\": \"12\"}], \"orderId\": 75, \"fullName\": \"Павшок Артём Сергеевич 1\", \"itemsCount\": 1, \"telegramId\": \"690296532\", \"phoneNumber\": \"+7 (963) 005-65-55\", \"pickupPoint\": \"СДЭК\", \"totalSavings\": 10000}',690296532,'2026-01-27 18:36:23'),(92,'info','Заказ на покупку юаня: 2000 CNY за 23190.199999999997 RUB (Премиум)','{\"tariff\": \"Премиум\", \"savings\": 960.0000000000008, \"userLink\": \"@young_temas\", \"amountCny\": 2000, \"amountRub\": 23190.199999999997, \"purchaseId\": 30, \"telegramId\": \"690296532\"}',690296532,'2026-01-27 18:36:34');
/*!40000 ALTER TABLE `system_logs` ENABLE KEYS */;
UNLOCK TABLES;

--
-- Table structure for table `user_achievements`
--

DROP TABLE IF EXISTS `user_achievements`;
/*!40101 SET @saved_cs_client     = @@character_set_client */;
/*!50503 SET character_set_client = utf8mb4 */;
CREATE TABLE `user_achievements` (
  `telegram_id` bigint NOT NULL COMMENT 'Reference to users.telegram_id',
  `achievement_key` varchar(100) COLLATE utf8mb4_unicode_ci NOT NULL COMMENT 'Reference to achievements.achievement_key',
  `unlocked_at` timestamp NULL DEFAULT CURRENT_TIMESTAMP COMMENT 'When achievement was unlocked',
  `xp_awarded` int DEFAULT '0' COMMENT 'XP awarded for this achievement',
  PRIMARY KEY (`telegram_id`,`achievement_key`),
  KEY `idx_telegram_id` (`telegram_id`),
  KEY `idx_achievement_key` (`achievement_key`),
  KEY `idx_unlocked_at` (`unlocked_at`),
  KEY `idx_user_achievements_telegram` (`telegram_id`),
  KEY `idx_user_achievements_key` (`achievement_key`),
  KEY `idx_user_achievements_unlocked` (`unlocked_at`),
  CONSTRAINT `user_achievements_ibfk_1` FOREIGN KEY (`telegram_id`) REFERENCES `users` (`telegram_id`) ON DELETE CASCADE
) ENGINE=InnoDB DEFAULT CHARSET=utf8mb4 COLLATE=utf8mb4_unicode_ci;
/*!40101 SET character_set_client = @saved_cs_client */;

--
-- Dumping data for table `user_achievements`
--

LOCK TABLES `user_achievements` WRITE;
/*!40000 ALTER TABLE `user_achievements` DISABLE KEYS */;
INSERT INTO `user_achievements` VALUES (0,'currency_dragon','2026-01-27 18:14:33',150),(0,'daily_ritual','2025-11-29 06:42:33',40),(0,'delivery_master','2025-10-01 21:40:20',600),(0,'dragon_hunter','2026-01-27 18:14:33',200),(0,'dragon_newbie','2025-12-14 18:38:53',40),(0,'first_exchange','2025-09-28 13:32:50',40),(0,'imperial_step','2025-09-06 16:06:33',150),(0,'jubilee_order','2025-09-09 13:50:56',400),(0,'lucky_start','2025-12-14 18:39:44',80),(0,'lunar_cycle','2026-01-27 18:14:33',150),(0,'night_hunter','2025-09-18 19:29:44',80),(0,'order_marathon','2025-09-09 13:50:56',300),(0,'volume_exchange','2026-01-27 18:14:33',400),(0,'yuan_master','2026-01-27 18:14:33',1500),(0,'yuan_newbie','2026-01-27 18:14:33',80),(123456789,'daily_ritual','2025-12-14 18:52:30',40),(185457274,'year_of_luck','2026-01-27 18:14:33',1500),(273683665,'year_of_luck','2025-12-14 18:56:46',1500),(290081159,'year_of_luck','2025-12-14 18:59:19',1500),(308185566,'year_of_luck','2025-12-14 19:01:52',1500),(313444368,'year_of_luck','2025-12-14 19:04:25',1500),(329781549,'dragon_newbie','2025-12-14 19:08:40',40),(329781549,'first_follower','2025-12-14 19:11:13',80),(329781549,'night_hunter','2025-12-14 19:09:31',80),(329781549,'year_of_luck','2025-12-14 19:10:22',1500),(408141354,'year_of_luck','2025-12-14 19:15:28',1500),(408827700,'year_of_luck','2025-12-14 19:18:01',1500),(415666490,'year_of_luck','2025-12-14 19:18:52',1500),(474678258,'year_of_luck','2025-12-14 19:29:55',1500),(497732222,'year_of_luck','2025-12-14 19:32:28',1500),(506177890,'dragon_hunter','2026-01-27 18:14:33',200),(506177890,'dragon_newbie','2025-12-14 19:33:19',40),(506177890,'first_follower','2025-12-14 19:36:44',80),(506177890,'night_hunter','2025-12-14 19:35:53',80),(608455063,'dragon_newbie','2025-12-14 19:40:59',40),(608455063,'first_follower','2025-12-14 19:42:41',80),(608455063,'year_of_luck','2025-12-14 19:41:50',1500),(642587459,'dragon_hunter','2026-01-27 18:14:33',200),(642587459,'dragon_newbie','2025-12-14 19:48:38',40),(642587459,'first_follower','2025-12-14 19:52:02',80),(642587459,'night_hunter','2025-12-14 19:51:11',80),(642587459,'year_of_luck','2025-12-14 21:21:42',1500),(680866570,'year_of_luck','2025-12-14 19:57:59',1500),(682036582,'year_of_luck','2025-12-14 19:58:50',1500),(685402817,'dragon_newbie','2025-12-14 20:01:23',40),(685402817,'first_follower','2025-12-14 20:02:14',80),(690296532,'daily_ritual','2025-11-29 08:17:29',40),(690296532,'dragon_hunter','2026-01-27 18:14:33',200),(690296532,'dragon_newbie','2025-12-14 20:06:29',40),(690296532,'first_exchange','2025-12-14 20:17:32',40),(690296532,'first_follower','2025-12-14 20:20:05',80),(690296532,'imperial_step','2025-12-14 20:08:11',150),(690296532,'jubilee_order','2024-12-03 19:52:09',400),(690296532,'lucky_start','2025-12-14 20:07:20',80),(690296532,'night_hunter','2025-12-14 20:14:59',80),(690296532,'order_marathon','2025-12-14 20:09:02',300),(690296532,'year_of_luck','2025-12-14 20:19:14',1500),(690296532,'yuan_newbie','2025-12-14 20:18:23',80),(705908040,'year_of_luck','2025-12-14 20:26:02',1500),(722566069,'year_of_luck','2025-12-14 21:49:45',1500),(732980249,'year_of_luck','2025-12-14 21:52:18',1500),(746847591,'dragon_newbie','2025-12-14 21:54:51',40),(746847591,'first_follower','2025-12-14 21:55:42',80),(753497988,'dragon_newbie','2025-12-14 21:59:57',40),(753497988,'first_follower','2025-12-14 22:00:48',80),(758363012,'year_of_luck','2025-12-14 22:05:03',1500),(766350210,'lucky_chain','2025-12-14 22:06:45',200),(766350210,'year_of_luck','2025-12-14 22:05:54',1500),(784502930,'year_of_luck','2025-12-14 22:09:18',1500),(784586573,'dragon_hunter','2026-01-27 18:14:34',200),(784586573,'dragon_newbie','2025-12-14 22:10:09',40),(784586573,'lucky_start','2025-12-14 22:11:00',80),(784586573,'night_hunter','2024-12-03 19:48:48',80),(784586573,'year_of_luck','2026-01-27 18:14:34',1500),(797098064,'year_of_luck','2026-01-27 18:14:34',1500),(848491886,'dragon_hunter','2026-01-27 18:14:34',200),(848491886,'dragon_newbie','2025-08-25 13:30:01',40),(852432916,'year_of_luck','2026-01-27 18:14:34',1500),(877011555,'year_of_luck','2026-01-27 18:14:34',1500),(905244409,'year_of_luck','2026-01-27 18:14:34',1500),(934557079,'year_of_luck','2026-01-27 18:14:34',1500),(958893114,'year_of_luck','2026-01-27 18:14:34',1500),(969347933,'year_of_luck','2026-01-27 18:14:34',1500),(974931305,'year_of_luck','2026-01-27 18:14:34',1500),(981291448,'year_of_luck','2026-01-27 18:14:34',1500),(1036659666,'lucky_chain','2026-01-27 18:14:34',200),(1036659666,'referral_marathon','2026-01-27 18:14:34',600),(1036659666,'year_of_luck','2026-01-27 18:14:34',1500),(1082392894,'year_of_luck','2026-01-27 18:14:34',1500),(1083281516,'year_of_luck','2026-01-27 18:14:34',1500),(1115662623,'year_of_luck','2026-01-27 18:14:34',1500),(1126530598,'year_of_luck','2026-01-27 18:14:34',1500),(1180254467,'year_of_luck','2026-01-27 18:14:34',1500),(1521205740,'year_of_luck','2026-01-27 18:14:34',1500),(1567827415,'year_of_luck','2026-01-27 18:14:34',1500),(1583136451,'year_of_luck','2026-01-27 18:14:34',1500),(1851358829,'year_of_luck','2026-01-27 18:14:34',1500),(1994127196,'year_of_luck','2026-01-27 18:14:34',1500),(2090320897,'year_of_luck','2026-01-27 18:14:34',1500),(5165166131,'year_of_luck','2026-01-27 18:14:34',1500),(5195763716,'year_of_luck','2026-01-27 18:14:34',1500),(5199938155,'year_of_luck','2026-01-27 18:14:34',1500),(5478035703,'dragon_newbie','2025-06-18 17:10:54',40),(5617361678,'dragon_newbie','2025-08-27 13:25:20',40),(6461487686,'year_of_luck','2026-01-27 18:14:34',1500),(7377238020,'year_of_luck','2026-01-27 18:14:34',1500),(7696515351,'year_of_luck','2026-01-27 18:14:34',1500);
/*!40000 ALTER TABLE `user_achievements` ENABLE KEYS */;
UNLOCK TABLES;

--
-- Table structure for table `user_activity`
--

DROP TABLE IF EXISTS `user_activity`;
/*!40101 SET @saved_cs_client     = @@character_set_client */;
/*!50503 SET character_set_client = utf8mb4 */;
CREATE TABLE `user_activity` (
  `id` int NOT NULL AUTO_INCREMENT,
  `telegram_id` bigint NOT NULL,
  `action_type` varchar(50) COLLATE utf8mb4_unicode_ci NOT NULL,
  `action_data` json DEFAULT NULL,
  `created_at` timestamp NULL DEFAULT CURRENT_TIMESTAMP,
  PRIMARY KEY (`id`),
  KEY `telegram_id` (`telegram_id`),
  KEY `action_type` (`action_type`),
  KEY `created_at` (`created_at`),
  KEY `idx_activity_telegram_id` (`telegram_id`),
  KEY `idx_activity_created_at` (`created_at`),
  KEY `idx_activity_telegram_created` (`telegram_id`,`created_at`),
  CONSTRAINT `user_activity_ibfk_1` FOREIGN KEY (`telegram_id`) REFERENCES `users` (`telegram_id`) ON DELETE CASCADE
) ENGINE=InnoDB AUTO_INCREMENT=88 DEFAULT CHARSET=utf8mb4 COLLATE=utf8mb4_unicode_ci;
/*!40101 SET character_set_client = @saved_cs_client */;

--
-- Dumping data for table `user_activity`
--

LOCK TABLES `user_activity` WRITE;
/*!40000 ALTER TABLE `user_activity` DISABLE KEYS */;
INSERT INTO `user_activity` VALUES (1,0,'order_created','{\"orderId\": 40, \"quantity\": 1, \"productLink\": \"https://poizon.com\", \"productSize\": \"12\"}','2025-09-27 10:58:09'),(2,0,'yuan_purchase','{\"tariff\": \"Базовый\", \"savings\": -0.9799999999998475, \"amountCny\": 200, \"amountRub\": 2556, \"purchaseId\": 1}','2025-09-28 13:32:50'),(3,0,'yuan_purchase','{\"tariff\": \"Премиум\", \"savings\": 475.0999999999994, \"amountCny\": 1000, \"amountRub\": 12300, \"purchaseId\": 2}','2025-09-28 13:40:38'),(4,0,'yuan_purchase','{\"tariff\": \"Премиум\", \"savings\": 475.0999999999994, \"amountCny\": 1000, \"amountRub\": 12300, \"purchaseId\": 3}','2025-09-28 13:47:16'),(5,0,'yuan_purchase','{\"tariff\": \"Премиум\", \"savings\": 950.1999999999988, \"amountCny\": 2000, \"amountRub\": 24600, \"purchaseId\": 4}','2025-09-28 13:59:31'),(6,0,'order_created','{\"orderId\": 41, \"quantity\": 1, \"productLink\": \"https://poizon.com\", \"productSize\": \"12\"}','2025-09-28 13:59:55'),(7,0,'order_created','{\"orderId\": 42, \"quantity\": 1, \"productLink\": \"https://poizon.com\", \"productSize\": \"12\"}','2025-09-28 14:12:57'),(8,0,'yuan_purchase','{\"tariff\": \"Премиум\", \"savings\": 475.0999999999994, \"amountCny\": 1000, \"amountRub\": 12300, \"purchaseId\": 5}','2025-09-28 14:49:24'),(9,0,'order_created','{\"orderId\": 43, \"quantity\": 1, \"productLink\": \"https://poizon.com\", \"productSize\": \"12\"}','2025-09-28 16:44:19'),(10,0,'order_created','{\"items\": [{\"quantity\": 1, \"productLink\": \"https://poizon.com\", \"productSize\": \"12\"}, {\"quantity\": 3, \"productLink\": \"https://poizon.com\", \"productSize\": \"22\"}], \"orderId\": 46, \"itemsCount\": 2, \"totalSavings\": 10000}','2025-09-28 17:07:44'),(11,0,'order_created','{\"items\": [{\"quantity\": 1, \"productLink\": \"https://poizon.com\", \"productSize\": \"11\"}], \"orderId\": 47, \"itemsCount\": 1, \"totalSavings\": 5000}','2025-09-28 18:15:53'),(12,0,'yuan_purchase','{\"tariff\": \"Ultimate\", \"savings\": 7799.999999999994, \"amountCny\": 10000, \"amountRub\": 119951.0, \"purchaseId\": 6}','2025-09-28 19:19:21'),(13,0,'yuan_purchase','{\"tariff\": \"Премиум\", \"savings\": 480.00000000000045, \"amountCny\": 1000, \"amountRub\": 12295.1, \"purchaseId\": 7}','2025-09-28 19:20:13'),(14,0,'yuan_purchase','{\"tariff\": \"Премиум\", \"savings\": 592.3200000000005, \"amountCny\": 1234, \"amountRub\": 15172.1534, \"purchaseId\": 8}','2025-09-28 19:25:17'),(15,0,'yuan_purchase','{\"tariff\": \"Премиум\", \"savings\": 533.2800000000004, \"amountCny\": 1111, \"amountRub\": 13659.8561, \"purchaseId\": 9}','2025-09-28 19:35:27'),(16,0,'yuan_purchase','{\"tariff\": \"Премиум\", \"savings\": 480.4800000000004, \"amountCny\": 1001, \"amountRub\": 12307.3951, \"purchaseId\": 10}','2025-09-28 19:50:26'),(17,0,'order_created','{\"items\": [{\"quantity\": 2, \"productLink\": \"https://poizon.com\", \"productSize\": \"12\"}], \"orderId\": 48, \"itemsCount\": 1, \"totalSavings\": 5000}','2025-10-01 21:40:21'),(18,0,'order_created','{\"orderId\": 49, \"itemsCount\": 2, \"totalSavings\": 10000}','2025-10-06 15:09:34'),(19,0,'yuan_purchase','{\"amountCny\": 1000, \"amountRub\": 12178.1, \"purchaseId\": 11}','2025-10-06 15:23:18'),(20,123456789,'review_created','{\"rating\": \"5\", \"hasPhoto\": true, \"reviewId\": 8}','2025-10-07 14:53:02'),(21,123456789,'review_created','{\"rating\": \"5\", \"hasPhoto\": true, \"reviewId\": 9}','2025-10-07 15:07:53'),(22,123456789,'review_created','{\"rating\": \"5\", \"hasPhoto\": true, \"reviewId\": 10}','2025-10-07 15:10:48'),(23,123456789,'review_created','{\"rating\": \"4\", \"hasPhoto\": false, \"reviewId\": 11}','2025-10-07 15:12:26'),(24,123456789,'review_created','{\"rating\": \"5\", \"hasPhoto\": false, \"reviewId\": 12}','2025-10-07 15:14:01'),(25,123456789,'review_created','{\"rating\": \"5\", \"hasPhoto\": false, \"reviewId\": 13}','2025-10-07 15:27:29'),(26,123456789,'review_created','{\"rating\": \"5\", \"hasPhoto\": true, \"reviewId\": 14}','2025-10-07 18:45:12'),(27,123456789,'review_created','{\"rating\": \"5\", \"hasPhoto\": true, \"reviewId\": 15}','2025-10-07 22:37:24'),(28,123456789,'review_created','{\"rating\": \"5\", \"hasPhoto\": false, \"reviewId\": 16}','2025-10-07 22:40:38'),(29,123456789,'review_created','{\"rating\": \"5\", \"hasPhoto\": false, \"reviewId\": 17}','2025-10-07 22:44:09'),(30,123456789,'review_created','{\"rating\": \"1\", \"hasPhoto\": false, \"reviewId\": 18}','2025-10-07 22:47:02'),(31,123456789,'review_created','{\"rating\": \"3\", \"hasPhoto\": false, \"reviewId\": 19}','2025-10-07 23:14:13'),(32,123456789,'review_created','{\"rating\": \"3\", \"hasPhoto\": false, \"reviewId\": 20}','2025-10-07 23:16:32'),(33,123456789,'review_created','{\"rating\": \"5\", \"hasPhoto\": false, \"reviewId\": 21}','2025-10-08 08:53:33'),(34,123456789,'review_created','{\"rating\": \"5\", \"hasPhoto\": false, \"reviewId\": 22}','2025-10-08 15:38:35'),(35,123456789,'review_created','{\"rating\": \"5\", \"hasPhoto\": false, \"reviewId\": 23}','2025-10-08 15:45:26'),(36,123456789,'review_created','{\"rating\": \"5\", \"hasPhoto\": false, \"reviewId\": 24}','2025-10-08 15:46:02'),(37,123456789,'review_created','{\"rating\": \"5\", \"hasPhoto\": false, \"reviewId\": 25}','2025-10-08 15:51:42'),(38,123456789,'review_created','{\"rating\": \"5\", \"hasPhoto\": false, \"reviewId\": 26}','2025-10-08 15:57:23'),(39,123456789,'review_created','{\"rating\": \"5\", \"hasPhoto\": true, \"reviewId\": 27}','2025-10-08 19:17:35'),(40,123456789,'review_created','{\"rating\": \"5\", \"hasPhoto\": true, \"reviewId\": 28}','2025-10-08 19:31:05'),(41,123456789,'review_created','{\"rating\": \"5\", \"hasPhoto\": true, \"reviewId\": 29}','2025-10-08 19:33:24'),(42,123456789,'review_created','{\"rating\": \"5\", \"hasPhoto\": true, \"reviewId\": 30}','2025-10-08 20:01:10'),(43,0,'order_created','{\"items\": [{\"quantity\": 1, \"productLink\": \"https://poizon.com\", \"productSize\": \"12\"}], \"orderId\": 50, \"itemsCount\": 1, \"totalSavings\": 5000}','2025-10-15 19:12:40'),(44,0,'order_created','{\"items\": [{\"quantity\": 1, \"productLink\": \"https://poizon.com\", \"productSize\": \"12\"}], \"orderId\": 51, \"itemsCount\": 1, \"totalSavings\": 5000}','2025-10-15 19:38:08'),(45,0,'order_created','{\"items\": [{\"quantity\": 1, \"productLink\": \"https://poizon.com\", \"productSize\": \"12\"}], \"orderId\": 52, \"itemsCount\": 1, \"totalSavings\": 5000}','2025-10-15 19:42:57'),(46,0,'order_created','{\"items\": [{\"quantity\": 1, \"productLink\": \"https://poizon.com\", \"productSize\": \"12\"}], \"orderId\": 53, \"itemsCount\": 1, \"totalSavings\": 5000}','2025-10-15 19:51:30'),(47,0,'order_created','{\"items\": [{\"quantity\": 1, \"productLink\": \"https://poizon.com\", \"productSize\": \"11\"}], \"orderId\": 54, \"itemsCount\": 1, \"totalSavings\": 5000}','2025-10-15 19:52:19'),(48,0,'order_created','{\"items\": [{\"quantity\": 1, \"productLink\": \"https://poizon.com\", \"productSize\": \"11\"}], \"orderId\": 55, \"itemsCount\": 1, \"totalSavings\": 5000}','2025-10-15 19:57:17'),(49,0,'order_created','{\"items\": [{\"quantity\": 1, \"productLink\": \"https://poizon.com\", \"productSize\": \"11\"}], \"orderId\": 56, \"itemsCount\": 1, \"totalSavings\": 5000}','2025-10-15 20:03:42'),(50,0,'order_created','{\"items\": [{\"quantity\": 1, \"productLink\": \"https://poizon.com\", \"productSize\": \"22\"}], \"orderId\": 57, \"itemsCount\": 1, \"totalSavings\": 5000}','2025-10-15 20:06:12'),(51,0,'yuan_purchase','{\"tariff\": \"Премиум\", \"savings\": 533.2800000000004, \"amountCny\": 1111, \"amountRub\": 12979.0353, \"purchaseId\": 12}','2025-10-16 19:37:21'),(52,0,'yuan_purchase','{\"tariff\": \"Премиум\", \"savings\": 533.2800000000004, \"amountCny\": 1111, \"amountRub\": 12979.0353, \"purchaseId\": 13}','2025-10-16 19:42:40'),(53,0,'yuan_purchase','{\"tariff\": \"Премиум\", \"savings\": 1066.5600000000009, \"amountCny\": 2222, \"amountRub\": 25958.0706, \"purchaseId\": 14}','2025-10-16 19:47:43'),(54,0,'yuan_purchase','{\"tariff\": \"Премиум\", \"savings\": 591.8400000000005, \"amountCny\": 1233, \"amountRub\": 14404.2759, \"purchaseId\": 15}','2025-10-16 20:43:41'),(55,0,'yuan_purchase','{\"tariff\": \"Базовый\", \"savings\": 0, \"amountCny\": 345, \"amountRub\": 4195.9935, \"purchaseId\": 16}','2025-10-16 21:01:00'),(56,0,'yuan_purchase','{\"tariff\": \"Премиум\", \"savings\": 534.7200000000005, \"amountCny\": 1114, \"amountRub\": 13014.0822, \"purchaseId\": 17}','2025-10-16 21:04:11'),(57,0,'yuan_purchase','{\"tariff\": \"Премиум\", \"savings\": 535.2000000000005, \"amountCny\": 1115, \"amountRub\": 13025.7645, \"purchaseId\": 18}','2025-10-16 21:04:21'),(58,0,'order_created','{\"items\": [{\"quantity\": 2, \"productLink\": \"https://poizon.com\", \"productSize\": \"22\"}], \"orderId\": 59, \"itemsCount\": 1, \"totalSavings\": 5000}','2025-10-30 22:15:24'),(59,0,'yuan_purchase','{\"tariff\": \"Премиум\", \"savings\": 480.00000000000045, \"amountCny\": 1000, \"amountRub\": 11915.2, \"purchaseId\": 20}','2025-10-30 22:15:34'),(60,123456789,'review_created','{\"rating\": \"5\", \"reviewId\": 1, \"photosCount\": 2}','2025-11-01 21:48:44'),(61,123456789,'review_created','{\"rating\": \"5\", \"hasPhoto\": true, \"reviewId\": 120, \"photosCount\": 3}','2025-11-05 19:45:58'),(62,123456789,'review_created','{\"rating\": \"5\", \"hasPhoto\": true, \"reviewId\": 121, \"photosCount\": 2}','2025-11-05 21:26:43'),(63,0,'order_created','{\"items\": [{\"quantity\": 1, \"productLink\": \"https://poizon.com\", \"productSize\": \"12\"}], \"orderId\": 60, \"itemsCount\": 1, \"totalSavings\": 5000}','2025-11-16 11:04:20'),(64,0,'order_created','{\"items\": [{\"quantity\": 1, \"productLink\": \"https://poizon.com\", \"productSize\": \"12\"}], \"orderId\": 61, \"itemsCount\": 1, \"totalSavings\": 5000}','2025-11-16 11:28:30'),(65,0,'order_created','{\"items\": [{\"quantity\": 1, \"productLink\": \"https://poizon.com\", \"productSize\": \"12\"}], \"orderId\": 62, \"itemsCount\": 1, \"totalSavings\": 5000}','2025-11-16 11:37:25'),(66,0,'order_created','{\"items\": [{\"quantity\": 1, \"productLink\": \"https://poizon.com\", \"productSize\": \"12\"}], \"orderId\": 63, \"itemsCount\": 1, \"totalSavings\": 5000}','2025-11-16 11:40:12'),(67,0,'order_created','{\"items\": [{\"quantity\": 1, \"productLink\": \"https://poizon.com\", \"productSize\": \"12\"}], \"orderId\": 64, \"itemsCount\": 1, \"totalSavings\": 5000}','2025-11-16 11:40:31'),(68,0,'order_created','{\"items\": [{\"quantity\": 1, \"productLink\": \"https://poizon.com\", \"productSize\": \"11\"}], \"orderId\": 65, \"itemsCount\": 1, \"totalSavings\": 5000}','2025-11-16 11:47:33'),(69,0,'order_created','{\"items\": [{\"quantity\": 1, \"productLink\": \"https://poizon.com\", \"productSize\": \"12\"}], \"orderId\": 66, \"itemsCount\": 1, \"totalSavings\": 5000}','2025-11-16 11:54:40'),(70,0,'order_created','{\"items\": [{\"quantity\": 1, \"productLink\": \"https://poizon.com\", \"productSize\": \"12\"}], \"orderId\": 67, \"itemsCount\": 1, \"totalSavings\": 5000}','2025-11-16 12:03:24'),(71,0,'order_created','{\"items\": [{\"quantity\": 1, \"productLink\": \"https://poizon.com\", \"productSize\": \"12\"}], \"orderId\": 68, \"itemsCount\": 1, \"totalSavings\": 5000}','2025-11-16 13:14:39'),(72,690296532,'yuan_purchase','{\"tariff\": \"Ultimate\", \"savings\": 7799.999999999994, \"amountCny\": 10000, \"amountRub\": 113411.0, \"purchaseId\": 21}','2025-11-28 15:21:43'),(73,690296532,'yuan_purchase','{\"tariff\": \"Ultimate\", \"savings\": 7799.999999999994, \"amountCny\": 10000, \"amountRub\": 113411.0, \"purchaseId\": 22}','2025-11-28 15:30:13'),(74,690296532,'yuan_purchase','{\"tariff\": \"Базовый\", \"savings\": 0, \"amountCny\": 200, \"amountRub\": 2424.2200000000003, \"purchaseId\": 23}','2025-11-28 15:30:25'),(75,690296532,'yuan_purchase','{\"tariff\": \"Базовый\", \"savings\": 0, \"amountCny\": 200, \"amountRub\": 2424.2200000000003, \"purchaseId\": 24}','2025-11-28 15:30:30'),(76,690296532,'yuan_purchase','{\"tariff\": \"Премиум\", \"savings\": 720.0000000000007, \"amountCny\": 1500, \"amountRub\": 17181, \"purchaseId\": 25}','2025-12-09 15:43:58'),(77,690296532,'order_created','{\"items\": [{\"quantity\": 1, \"productLink\": \"https://dw4.co/t/A/1thHonawi\", \"productSize\": \"L\"}], \"orderId\": 69, \"itemsCount\": 1, \"totalSavings\": 5000}','2025-12-10 09:12:52'),(78,690296532,'order_created','{\"items\": [{\"quantity\": 1, \"productLink\": \"https://dw4.co/t/A/1thHonawi\", \"productSize\": \"L\"}], \"orderId\": 70, \"itemsCount\": 1, \"totalSavings\": 5000}','2025-12-10 09:48:12'),(79,690296532,'order_created','{\"items\": [{\"quantity\": 1, \"productLink\": \"https://dw4.co/t/A/1thHonawi\", \"productSize\": \"L\"}], \"orderId\": 71, \"itemsCount\": 1, \"totalSavings\": 5000}','2025-12-10 10:06:18'),(80,690296532,'order_created','{\"items\": [{\"quantity\": 1, \"productLink\": \"dewu.com\", \"productSize\": \"L\"}], \"orderId\": 73, \"itemsCount\": 1, \"totalSavings\": 5000}','2026-01-20 20:30:22'),(81,690296532,'order_created','{\"items\": [{\"quantity\": 2, \"productLink\": \"https://dw4.co/t/A/1thHonawi\", \"productSize\": \"12\"}], \"orderId\": 74, \"itemsCount\": 1, \"totalSavings\": 10000}','2026-01-26 19:30:17'),(82,690296532,'yuan_purchase','{\"tariff\": \"Премиум\", \"savings\": 960.0000000000008, \"amountCny\": 2000, \"amountRub\": 23190.199999999997, \"purchaseId\": 26}','2026-01-27 18:20:38'),(83,690296532,'yuan_purchase','{\"tariff\": \"Базовый\", \"savings\": 0, \"amountCny\": 201, \"amountRub\": 2427.0951, \"purchaseId\": 27}','2026-01-27 18:21:18'),(84,7696515351,'yuan_purchase','{\"tariff\": \"Базовый\", \"savings\": 0, \"amountCny\": 201, \"amountRub\": 2427.0951, \"purchaseId\": 28}','2026-01-27 18:23:00'),(85,7696515351,'yuan_purchase','{\"tariff\": \"Базовый\", \"savings\": 0, \"amountCny\": 201, \"amountRub\": 2427.0951, \"purchaseId\": 29}','2026-01-27 18:35:08'),(86,690296532,'order_created','{\"items\": [{\"quantity\": 2, \"productLink\": \"https://dw4.co/t/A/1thHonawi\", \"productSize\": \"12\"}], \"orderId\": 75, \"itemsCount\": 1, \"totalSavings\": 10000}','2026-01-27 18:36:23'),(87,690296532,'yuan_purchase','{\"tariff\": \"Премиум\", \"savings\": 960.0000000000008, \"amountCny\": 2000, \"amountRub\": 23190.199999999997, \"purchaseId\": 30}','2026-01-27 18:36:34');
/*!40000 ALTER TABLE `user_activity` ENABLE KEYS */;
UNLOCK TABLES;

--
-- Table structure for table `users`
--

DROP TABLE IF EXISTS `users`;
/*!40101 SET @saved_cs_client     = @@character_set_client */;
/*!50503 SET character_set_client = utf8mb4 */;
CREATE TABLE `users` (
  `telegram_id` bigint NOT NULL,
  `access_expires_at` timestamp NULL DEFAULT NULL,
  `referred_by` bigint DEFAULT NULL,
  `created_at` timestamp NULL DEFAULT CURRENT_TIMESTAMP,
  `preferred_currency` varchar(3) COLLATE utf8mb4_unicode_ci DEFAULT 'RUB',
  `full_name` varchar(255) COLLATE utf8mb4_unicode_ci DEFAULT NULL,
  `phone_number` varchar(20) COLLATE utf8mb4_unicode_ci DEFAULT NULL,
  `username` varchar(100) COLLATE utf8mb4_unicode_ci DEFAULT NULL,
  `avatar_url` varchar(500) COLLATE utf8mb4_unicode_ci DEFAULT NULL COMMENT 'URL аватарки пользователя из Telegram',
  `last_activity` timestamp NULL DEFAULT NULL,
  `commission` int DEFAULT '1000' COMMENT 'Комиссия в рублях (1000₽ по умолчанию, 400₽ для рефералов)',
  `xp` int DEFAULT '0' COMMENT 'Experience points for gamification',
  `current_level` varchar(20) COLLATE utf8mb4_unicode_ci DEFAULT 'Bronze' COMMENT 'Current level: Bronze, Silver, Gold, Platinum, Diamond',
  `last_daily_login` date DEFAULT NULL COMMENT 'Last daily login date for activity tracking',
  `login_streak` int DEFAULT '0' COMMENT 'Consecutive days login streak',
  `total_savings` decimal(10,2) DEFAULT '0.00' COMMENT 'Общая экономия пользователя',
  `temp_discount_active` tinyint(1) DEFAULT '0' COMMENT 'Активна ли временная скидка',
  `temp_discount_end_date` timestamp NULL DEFAULT NULL COMMENT 'Дата окончания временной скидки',
  `last_login_date` date DEFAULT NULL COMMENT 'Дата последнего входа',
  `total_logins` int DEFAULT '0' COMMENT 'Общее количество входов',
  `total_orders` int DEFAULT '0' COMMENT 'Общее количество заказов',
  `total_yuan_bought` decimal(10,2) DEFAULT '0.00' COMMENT 'Общее количество купленных юаней',
  `total_referrals` int DEFAULT '0' COMMENT 'Общее количество рефералов',
  `calculation_count` int DEFAULT '0' COMMENT 'Количество расчетов цен',
  `last_calculation_date` timestamp NULL DEFAULT NULL COMMENT 'Last calculation date',
  PRIMARY KEY (`telegram_id`),
  KEY `idx_users_last_activity` (`last_activity`),
  KEY `idx_users_telegram_id` (`telegram_id`),
  KEY `idx_users_access_expires` (`access_expires_at`),
  KEY `idx_users_username` (`username`),
  KEY `idx_users_xp` (`xp`),
  KEY `idx_users_current_level` (`current_level`),
  KEY `idx_users_last_daily_login` (`last_daily_login`),
  KEY `idx_users_level` (`current_level`),
  KEY `idx_users_streak` (`login_streak`),
  KEY `idx_users_savings` (`total_savings`),
  KEY `idx_users_orders` (`total_orders`),
  KEY `idx_users_referrals` (`total_referrals`)
) ENGINE=InnoDB DEFAULT CHARSET=utf8mb4 COLLATE=utf8mb4_unicode_ci;
/*!40101 SET character_set_client = @saved_cs_client */;

--
-- Dumping data for table `users`
--

LOCK TABLES `users` WRITE;
/*!40000 ALTER TABLE `users` DISABLE KEYS */;
INSERT INTO `users` VALUES (0,NULL,0,'2025-09-06 15:43:17','RUB',NULL,NULL,NULL,NULL,'2025-11-16 13:14:38',700,8636,'Gold','2025-11-29',43,0.00,1,'2026-02-03 18:14:33',NULL,0,21,17545.00,0,0,NULL),(103178452,NULL,NULL,'2025-11-03 22:48:49','RUB',NULL,NULL,'@phaepich',NULL,'2025-11-03 22:48:49',1000,0,'Bronze',NULL,0,0.00,0,NULL,NULL,0,0,0.00,0,0,NULL),(123456789,NULL,NULL,'2025-09-24 10:08:49','RUB','Test User',NULL,'test_user',NULL,'2025-09-24 10:08:49',1000,40,'Bronze','2025-10-24',7,0.00,0,NULL,NULL,0,0,0.00,0,0,NULL),(141391979,NULL,NULL,'2025-11-03 22:48:48','RUB','Елизавета Белькова',NULL,NULL,NULL,'2025-11-03 22:48:48',1000,0,'Bronze',NULL,0,0.00,0,NULL,NULL,0,0,0.00,0,0,NULL),(143035898,NULL,NULL,'2025-11-03 22:48:49','RUB','Freemelly',NULL,NULL,NULL,'2025-11-03 22:48:49',1000,0,'Bronze',NULL,0,0.00,0,NULL,NULL,0,0,0.00,0,0,NULL),(185457274,NULL,185457274,'2024-12-22 05:28:31','RUB',NULL,NULL,NULL,NULL,'2024-12-22 05:28:31',900,1500,'Silver',NULL,0,0.00,0,NULL,NULL,0,0,0.00,0,0,NULL),(229385394,NULL,NULL,'2025-11-03 22:48:48','RUB',NULL,NULL,'@kulizzka',NULL,'2025-11-03 22:48:48',1000,0,'Bronze',NULL,0,0.00,0,NULL,NULL,0,0,0.00,0,0,NULL),(244879858,NULL,NULL,'2025-11-04 18:26:28','RUB',NULL,NULL,'@pr0kh1',NULL,'2025-11-04 18:26:28',1000,0,'Bronze',NULL,0,0.00,0,NULL,NULL,0,0,0.00,0,0,NULL),(247900830,NULL,247900830,'2025-04-22 12:41:58','RUB',NULL,NULL,NULL,NULL,'2025-04-22 12:41:58',1000,0,'Bronze',NULL,0,0.00,0,NULL,NULL,0,0,0.00,0,0,NULL),(273683665,NULL,273683665,'2024-12-08 13:42:42','RUB',NULL,NULL,NULL,NULL,'2024-12-08 13:42:42',900,1500,'Silver',NULL,0,0.00,0,NULL,NULL,0,0,0.00,0,0,NULL),(290081159,NULL,1036659666,'2024-11-01 16:14:52','RUB',NULL,NULL,NULL,NULL,'2024-11-01 16:14:52',900,1500,'Silver',NULL,0,0.00,0,NULL,NULL,0,0,0.00,0,0,NULL),(297297268,NULL,297297268,'2025-06-06 19:13:21','RUB',NULL,NULL,NULL,NULL,'2025-06-06 19:13:21',1000,0,'Bronze',NULL,0,0.00,0,NULL,NULL,0,0,0.00,0,0,NULL),(299660326,NULL,NULL,'2025-11-03 22:48:49','RUB',NULL,NULL,'@marrgiza',NULL,'2025-11-03 22:48:49',1000,0,'Bronze',NULL,0,0.00,0,NULL,NULL,0,0,0.00,0,0,NULL),(308185566,NULL,308185566,'2024-11-01 13:26:18','RUB',NULL,NULL,NULL,NULL,'2024-11-01 13:26:18',900,1500,'Silver',NULL,0,0.00,0,NULL,NULL,0,0,0.00,0,0,NULL),(313444368,NULL,313444368,'2024-11-01 13:16:35','RUB',NULL,NULL,NULL,NULL,'2024-11-01 13:16:35',900,1500,'Silver',NULL,0,0.00,0,NULL,NULL,0,0,0.00,0,0,NULL),(325488041,NULL,325488041,'2025-02-20 14:52:03','RUB',NULL,NULL,NULL,NULL,'2025-02-20 14:52:03',1000,0,'Bronze',NULL,0,0.00,0,NULL,NULL,0,0,0.00,0,0,NULL),(329781549,NULL,329781549,'2024-11-06 23:42:14','RUB',NULL,NULL,NULL,NULL,'2024-11-06 23:42:14',900,1720,'Silver',NULL,0,0.00,0,NULL,NULL,0,1,0.00,0,0,NULL),(408141354,NULL,408141354,'2024-11-02 04:59:09','RUB',NULL,NULL,NULL,NULL,'2024-11-02 04:59:09',900,1500,'Silver',NULL,0,0.00,0,NULL,NULL,0,0,0.00,0,0,NULL),(408827700,NULL,852432916,'2024-11-02 07:16:54','RUB',NULL,NULL,NULL,NULL,'2024-11-02 07:16:54',900,1500,'Silver',NULL,0,0.00,0,NULL,NULL,0,0,0.00,0,0,NULL),(415666490,NULL,415666490,'2024-11-01 13:52:45','RUB',NULL,NULL,NULL,NULL,'2024-11-01 13:52:45',900,1500,'Silver',NULL,0,0.00,0,NULL,NULL,0,0,0.00,0,0,NULL),(426656410,NULL,426656410,'2025-05-30 14:15:42','RUB',NULL,NULL,NULL,NULL,'2025-05-30 14:15:42',1000,0,'Bronze',NULL,0,0.00,0,NULL,NULL,0,0,0.00,0,0,NULL),(427940148,NULL,427940148,'2025-08-21 19:43:11','RUB',NULL,NULL,NULL,NULL,'2025-08-21 19:43:11',1000,0,'Bronze',NULL,0,0.00,0,NULL,NULL,0,0,0.00,0,0,NULL),(428463743,NULL,428463743,'2025-03-26 15:38:32','RUB',NULL,NULL,NULL,NULL,'2025-03-26 15:38:32',1000,0,'Bronze',NULL,0,0.00,0,NULL,NULL,0,0,0.00,0,0,NULL),(435106694,NULL,435106694,'2025-05-13 14:56:07','RUB',NULL,NULL,NULL,NULL,'2025-05-13 14:56:07',1000,0,'Bronze',NULL,0,0.00,0,NULL,NULL,0,0,0.00,0,0,NULL),(468483264,NULL,468483264,'2025-10-02 11:25:58','RUB',NULL,NULL,NULL,NULL,NULL,1000,0,'Bronze',NULL,0,0.00,0,NULL,NULL,0,0,0.00,0,0,NULL),(474678258,NULL,474678258,'2024-11-01 14:36:01','RUB',NULL,NULL,NULL,NULL,'2024-11-01 14:36:01',900,1500,'Silver',NULL,0,0.00,0,NULL,NULL,0,0,0.00,0,0,NULL),(490940975,NULL,NULL,'2025-11-03 22:48:49','RUB',NULL,NULL,'@nedashkevich_23',NULL,'2025-11-03 22:48:49',1000,0,'Bronze',NULL,0,0.00,0,NULL,NULL,0,0,0.00,0,0,NULL),(497732222,NULL,766350210,'2024-11-01 13:27:43','RUB',NULL,NULL,NULL,NULL,'2024-11-01 13:27:43',900,1500,'Silver',NULL,0,0.00,0,NULL,NULL,0,0,0.00,0,0,NULL),(506177890,NULL,506177890,'2025-03-21 09:24:03','RUB',NULL,NULL,NULL,NULL,'2025-03-21 09:24:03',1000,520,'Bronze',NULL,0,0.00,1,'2026-02-03 18:14:33',NULL,0,2,0.00,0,0,NULL),(523178359,NULL,NULL,'2025-11-03 22:48:48','RUB',NULL,NULL,'@avlovaa',NULL,'2025-11-03 22:48:48',1000,0,'Bronze',NULL,0,0.00,0,NULL,NULL,0,0,0.00,0,0,NULL),(573413811,NULL,573413811,'2025-03-22 09:12:36','RUB',NULL,NULL,NULL,NULL,'2025-03-22 09:12:36',1000,0,'Bronze',NULL,0,0.00,0,NULL,NULL,0,0,0.00,0,0,NULL),(588673930,NULL,NULL,'2025-11-03 22:48:48','RUB',NULL,NULL,'@savelporokin',NULL,'2025-11-03 22:48:48',1000,0,'Bronze',NULL,0,0.00,0,NULL,NULL,0,0,0.00,0,0,NULL),(608455063,NULL,608455063,'2024-11-01 13:36:52','RUB',NULL,NULL,NULL,NULL,'2024-11-01 13:36:52',900,1640,'Silver',NULL,0,0.00,0,NULL,NULL,0,1,0.00,0,0,NULL),(622313960,NULL,622313960,'2025-07-08 10:13:11','RUB',NULL,NULL,NULL,NULL,'2025-07-08 10:13:11',1000,0,'Bronze',NULL,0,0.00,0,NULL,NULL,0,0,0.00,0,0,NULL),(642587459,NULL,642587459,'2024-12-15 20:03:37','RUB',NULL,NULL,NULL,NULL,'2024-12-15 20:03:37',900,2020,'Silver',NULL,0,0.00,1,'2026-02-03 18:14:33',NULL,0,2,0.00,0,0,NULL),(660119985,NULL,NULL,'2025-11-03 22:48:49','RUB','Elnur',NULL,NULL,NULL,'2025-11-03 22:48:49',1000,0,'Bronze',NULL,0,0.00,0,NULL,NULL,0,0,0.00,0,0,NULL),(668795761,NULL,668795761,'2025-03-02 09:56:42','RUB',NULL,NULL,NULL,NULL,'2025-03-02 09:56:42',1000,0,'Bronze',NULL,0,0.00,0,NULL,NULL,0,0,0.00,0,0,NULL),(679646034,NULL,679646034,'2025-04-16 14:52:07','RUB',NULL,NULL,NULL,NULL,'2025-04-16 14:52:07',1000,0,'Bronze',NULL,0,0.00,0,NULL,NULL,0,0,0.00,0,0,NULL),(680866570,NULL,766350210,'2024-11-01 13:52:08','RUB',NULL,NULL,NULL,NULL,'2024-11-01 13:52:08',900,1500,'Silver',NULL,0,0.00,0,NULL,NULL,0,0,0.00,0,0,NULL),(682036582,NULL,682036582,'2024-12-08 02:52:25','RUB',NULL,NULL,NULL,NULL,'2024-12-08 02:52:25',900,1500,'Silver',NULL,0,0.00,0,NULL,NULL,0,0,0.00,0,0,NULL),(685402817,NULL,685402817,'2025-08-21 18:03:43','RUB',NULL,NULL,NULL,NULL,'2025-08-21 18:03:43',1000,140,'Bronze',NULL,0,0.00,0,NULL,NULL,0,1,0.00,0,0,NULL),(685895967,NULL,NULL,'2025-11-03 22:48:48','RUB','Фёдор',NULL,NULL,NULL,'2025-11-03 22:48:48',1000,0,'Bronze',NULL,0,0.00,0,NULL,NULL,0,0,0.00,0,0,NULL),(690296532,NULL,690296532,'2024-10-31 13:34:43','RUB','young_temas',NULL,'young_temas',NULL,'2026-01-30 11:03:41',900,4491,'Silver','2026-01-30',1,720.00,1,'2026-02-03 18:14:33',NULL,0,17,26101.00,2,0,NULL),(690325149,NULL,690325149,'2025-03-31 13:39:44','RUB',NULL,NULL,NULL,NULL,'2025-03-31 13:39:44',1000,0,'Bronze',NULL,0,0.00,0,NULL,NULL,0,0,0.00,0,0,NULL),(693647629,NULL,693647629,'2025-03-13 17:12:49','RUB',NULL,NULL,NULL,NULL,'2025-03-13 17:12:49',1000,0,'Bronze',NULL,0,0.00,0,NULL,NULL,0,0,0.00,0,0,NULL),(705908040,NULL,705908040,'2024-11-10 17:12:35','RUB',NULL,NULL,NULL,NULL,'2024-11-10 17:12:35',900,1500,'Silver',NULL,0,0.00,0,NULL,NULL,0,0,0.00,0,0,NULL),(717120737,NULL,NULL,'2025-11-03 22:48:48','RUB',NULL,NULL,'@marksapozhnikov',NULL,'2025-11-03 22:48:48',1000,0,'Bronze',NULL,0,0.00,0,NULL,NULL,0,0,0.00,0,0,NULL),(720400917,NULL,720400917,'2025-08-22 09:58:53','RUB',NULL,NULL,NULL,NULL,'2025-08-22 09:58:53',1000,0,'Bronze',NULL,0,0.00,0,NULL,NULL,0,0,0.00,0,0,NULL),(720906456,NULL,720906456,'2025-10-03 10:05:06','RUB',NULL,NULL,NULL,NULL,NULL,1000,0,'Bronze',NULL,0,0.00,0,NULL,NULL,0,0,0.00,0,0,NULL),(722566069,NULL,722566069,'2024-12-03 16:49:19','RUB',NULL,NULL,NULL,NULL,'2024-12-03 16:49:19',900,1500,'Silver',NULL,0,0.00,0,NULL,NULL,0,0,0.00,0,0,NULL),(732980249,NULL,732980249,'2024-11-11 02:48:01','RUB',NULL,NULL,NULL,NULL,'2024-11-11 02:48:01',900,1500,'Silver',NULL,0,0.00,0,NULL,NULL,0,0,0.00,0,0,NULL),(746847591,NULL,746847591,'2025-04-04 12:37:22','RUB',NULL,NULL,NULL,NULL,'2025-04-04 12:37:22',1000,140,'Bronze',NULL,0,0.00,0,NULL,NULL,0,1,0.00,0,0,NULL),(753497988,NULL,753497988,'2025-03-10 20:59:02','RUB',NULL,NULL,NULL,NULL,'2025-03-10 20:59:02',1000,140,'Bronze',NULL,0,0.00,0,NULL,NULL,0,1,0.00,0,0,NULL),(758363012,NULL,1036659666,'2024-11-01 14:48:21','RUB',NULL,NULL,NULL,NULL,'2024-11-01 14:48:21',900,1500,'Silver',NULL,0,0.00,0,NULL,NULL,0,0,0.00,0,0,NULL),(764973662,NULL,764973662,'2025-12-16 02:39:32','RUB',NULL,NULL,NULL,NULL,NULL,1000,0,'Bronze',NULL,0,0.00,0,NULL,NULL,0,0,0.00,0,0,NULL),(766350210,NULL,766350210,'2024-11-01 13:18:56','RUB',NULL,NULL,NULL,NULL,'2024-11-01 13:18:56',900,1950,'Silver',NULL,0,0.00,0,NULL,NULL,0,0,0.00,5,0,NULL),(769042837,NULL,NULL,'2025-11-03 22:48:48','RUB',NULL,NULL,'@pashakhom',NULL,'2025-11-03 22:48:48',1000,0,'Bronze',NULL,0,0.00,0,NULL,NULL,0,0,0.00,0,0,NULL),(784502930,NULL,1036659666,'2024-11-01 15:07:33','RUB',NULL,NULL,NULL,NULL,'2024-11-01 15:07:33',900,1500,'Silver',NULL,0,0.00,0,NULL,NULL,0,0,0.00,0,0,NULL),(784586573,NULL,784586573,'2024-11-26 17:06:33','RUB',NULL,NULL,NULL,NULL,'2024-11-26 17:06:33',900,2200,'Silver',NULL,0,0.00,1,'2026-02-03 18:14:34',NULL,0,3,0.00,0,0,NULL),(797098064,NULL,797098064,'2024-11-06 18:10:00','RUB',NULL,NULL,NULL,NULL,'2024-11-06 18:10:00',900,1500,'Silver',NULL,0,0.00,0,NULL,NULL,0,0,0.00,0,0,NULL),(804085146,NULL,804085146,'2025-11-08 10:39:33','RUB',NULL,NULL,NULL,NULL,NULL,1000,0,'Bronze',NULL,0,0.00,0,NULL,NULL,0,0,0.00,0,0,NULL),(810417914,NULL,810417914,'2025-10-04 00:31:20','RUB',NULL,NULL,NULL,NULL,NULL,1000,0,'Bronze',NULL,0,0.00,0,NULL,NULL,0,0,0.00,0,0,NULL),(826467532,NULL,826467532,'2025-08-22 04:38:05','RUB',NULL,NULL,NULL,NULL,'2025-08-22 04:38:05',1000,0,'Bronze',NULL,0,0.00,0,NULL,NULL,0,0,0.00,0,0,NULL),(827562977,NULL,827562977,'2025-05-17 17:24:25','RUB',NULL,NULL,NULL,NULL,'2025-05-17 17:24:25',1000,0,'Bronze',NULL,0,0.00,0,NULL,NULL,0,0,0.00,0,0,NULL),(848491886,NULL,848491886,'2025-08-25 13:25:27','RUB',NULL,NULL,NULL,NULL,'2025-08-25 13:25:27',1000,440,'Bronze',NULL,0,0.00,1,'2026-02-03 18:14:34',NULL,0,2,0.00,0,0,NULL),(848584135,NULL,NULL,'2025-11-03 22:48:48','RUB',NULL,NULL,'@ilya_achincev',NULL,'2025-11-03 22:48:48',1000,0,'Bronze',NULL,0,0.00,0,NULL,NULL,0,0,0.00,0,0,NULL),(852432916,NULL,852432916,'2024-11-02 06:55:27','RUB',NULL,NULL,NULL,NULL,'2024-11-02 06:55:27',900,1550,'Silver',NULL,0,0.00,0,NULL,NULL,0,0,0.00,1,0,NULL),(877011555,NULL,766350210,'2024-11-01 13:24:12','RUB',NULL,NULL,NULL,NULL,'2024-11-01 13:24:12',900,1500,'Silver',NULL,0,0.00,0,NULL,NULL,0,0,0.00,0,0,NULL),(878372920,NULL,878372920,'2025-10-28 12:40:39','RUB',NULL,NULL,NULL,NULL,NULL,0,0,'Bronze',NULL,0,0.00,0,NULL,NULL,0,0,0.00,0,0,NULL),(881445662,NULL,NULL,'2025-11-03 22:48:48','RUB',NULL,NULL,'@ffilaaa',NULL,'2025-11-03 22:48:48',1000,0,'Bronze',NULL,0,0.00,0,NULL,NULL,0,0,0.00,0,0,NULL),(885333280,NULL,885333280,'2025-08-21 22:36:33','RUB',NULL,NULL,NULL,NULL,'2025-08-21 22:36:33',1000,0,'Bronze',NULL,0,0.00,0,NULL,NULL,0,0,0.00,0,0,NULL),(905244409,NULL,766350210,'2024-11-01 13:24:50','RUB',NULL,NULL,NULL,NULL,'2024-11-01 13:24:50',900,1500,'Silver',NULL,0,0.00,0,NULL,NULL,0,0,0.00,0,0,NULL),(908807083,NULL,908807083,'2025-08-21 17:11:43','RUB',NULL,NULL,NULL,NULL,'2025-08-21 17:11:43',1000,0,'Bronze',NULL,0,0.00,0,NULL,NULL,0,0,0.00,0,0,NULL),(934557079,NULL,1036659666,'2024-11-01 16:56:59','RUB',NULL,NULL,NULL,NULL,'2024-11-01 16:56:59',900,1500,'Silver',NULL,0,0.00,0,NULL,NULL,0,0,0.00,0,0,NULL),(937238269,NULL,937238269,'2025-08-21 19:25:38','RUB',NULL,NULL,NULL,NULL,'2025-08-21 19:25:38',1000,0,'Bronze',NULL,0,0.00,0,NULL,NULL,0,0,0.00,0,0,NULL),(943798390,NULL,943798390,'2025-04-24 13:35:09','RUB',NULL,NULL,NULL,NULL,'2025-04-24 13:35:09',1000,0,'Bronze',NULL,0,0.00,0,NULL,NULL,0,0,0.00,0,0,NULL),(945318281,NULL,945318281,'2025-06-18 11:35:25','RUB',NULL,NULL,NULL,NULL,'2025-06-18 11:35:25',1000,0,'Bronze',NULL,0,0.00,0,NULL,NULL,0,0,0.00,0,0,NULL),(954556232,NULL,954556232,'2025-08-21 21:08:03','RUB',NULL,NULL,NULL,NULL,'2025-08-21 21:08:03',1000,0,'Bronze',NULL,0,0.00,0,NULL,NULL,0,0,0.00,0,0,NULL),(958893114,NULL,958893114,'2024-11-01 16:54:21','RUB',NULL,NULL,NULL,NULL,'2024-11-01 16:54:21',900,1500,'Silver',NULL,0,0.00,0,NULL,NULL,0,0,0.00,0,0,NULL),(969347933,NULL,1036659666,'2024-11-01 15:17:13','RUB',NULL,NULL,NULL,NULL,'2024-11-01 15:17:13',900,1500,'Silver',NULL,0,0.00,0,NULL,NULL,0,0,0.00,0,0,NULL),(970223501,NULL,NULL,'2025-11-03 22:48:49','RUB',NULL,NULL,'@happy_goga',NULL,'2025-11-03 22:48:49',1000,0,'Bronze',NULL,0,0.00,0,NULL,NULL,0,0,0.00,0,0,NULL),(974171981,NULL,NULL,'2025-11-03 22:48:48','RUB',NULL,NULL,'@broken1ce23',NULL,'2025-11-03 22:48:48',1000,0,'Bronze',NULL,0,0.00,0,NULL,NULL,0,0,0.00,0,0,NULL),(974931305,NULL,766350210,'2024-11-01 14:40:16','RUB',NULL,NULL,NULL,NULL,'2024-11-01 14:40:16',900,1500,'Silver',NULL,0,0.00,0,NULL,NULL,0,0,0.00,0,0,NULL),(981291448,NULL,981291448,'2024-11-06 22:20:35','RUB',NULL,NULL,NULL,NULL,'2024-11-06 22:20:35',900,1500,'Silver',NULL,0,0.00,0,NULL,NULL,0,0,0.00,0,0,NULL),(981457351,NULL,981457351,'2025-08-29 08:07:42','RUB',NULL,NULL,NULL,NULL,'2025-08-29 08:07:42',1000,0,'Bronze',NULL,0,0.00,0,NULL,NULL,0,0,0.00,0,0,NULL),(985164326,NULL,985164326,'2025-08-22 13:29:29','RUB',NULL,NULL,NULL,NULL,'2025-08-22 13:29:29',1000,0,'Bronze',NULL,0,0.00,0,NULL,NULL,0,0,0.00,0,0,NULL),(1013646395,NULL,1013646395,'2025-03-20 13:39:10','RUB',NULL,NULL,NULL,NULL,'2025-03-20 13:39:10',1000,0,'Bronze',NULL,0,0.00,0,NULL,NULL,0,0,0.00,0,0,NULL),(1036659666,NULL,1036659666,'2024-11-01 14:46:34','RUB',NULL,NULL,NULL,NULL,'2024-11-01 14:46:34',900,3050,'Silver',NULL,0,0.00,0,NULL,NULL,0,0,0.00,15,0,NULL),(1069872453,NULL,1069872453,'2025-04-14 23:57:07','RUB',NULL,NULL,NULL,NULL,'2025-04-14 23:57:07',1000,0,'Bronze',NULL,0,0.00,0,NULL,NULL,0,0,0.00,0,0,NULL),(1076203035,NULL,1076203035,'2025-02-14 18:13:39','RUB',NULL,NULL,NULL,NULL,'2025-02-14 18:13:39',1000,0,'Bronze',NULL,0,0.00,0,NULL,NULL,0,0,0.00,0,0,NULL),(1082392894,NULL,1082392894,'2024-11-03 05:47:37','RUB',NULL,NULL,NULL,NULL,'2024-11-03 05:47:37',900,1500,'Silver',NULL,0,0.00,0,NULL,NULL,0,0,0.00,0,0,NULL),(1083281516,NULL,1083281516,'2024-11-17 19:32:57','RUB',NULL,NULL,NULL,NULL,'2024-11-17 19:32:57',900,1500,'Silver',NULL,0,0.00,0,NULL,NULL,0,0,0.00,0,0,NULL),(1115662623,NULL,1036659666,'2024-11-02 05:07:19','RUB',NULL,NULL,NULL,NULL,'2024-11-02 05:07:19',900,1500,'Silver',NULL,0,0.00,0,NULL,NULL,0,0,0.00,0,0,NULL),(1126530598,NULL,1036659666,'2024-11-01 15:29:27','RUB',NULL,NULL,NULL,NULL,'2024-11-01 15:29:27',900,1500,'Silver',NULL,0,0.00,0,NULL,NULL,0,0,0.00,0,0,NULL),(1166062472,NULL,1166062472,'2025-09-27 11:06:45','RUB',NULL,NULL,NULL,NULL,'2025-09-27 11:06:45',1000,0,'Bronze',NULL,0,0.00,0,NULL,NULL,0,0,0.00,0,0,NULL),(1167713500,NULL,1167713500,'2025-08-10 10:31:49','RUB',NULL,NULL,NULL,NULL,'2025-08-10 10:31:49',1000,0,'Bronze',NULL,0,0.00,0,NULL,NULL,0,0,0.00,0,0,NULL),(1180254467,NULL,1036659666,'2024-11-02 12:51:49','RUB',NULL,NULL,NULL,NULL,'2024-11-02 12:51:49',900,1500,'Silver',NULL,0,0.00,0,NULL,NULL,0,0,0.00,0,0,NULL),(1275213122,NULL,1275213122,'2025-08-21 17:52:29','RUB',NULL,NULL,NULL,NULL,'2025-08-21 17:52:29',1000,0,'Bronze',NULL,0,0.00,0,NULL,NULL,0,0,0.00,0,0,NULL),(1284723007,NULL,1284723007,'2025-03-29 18:12:15','RUB',NULL,NULL,NULL,NULL,'2025-03-29 18:12:15',1000,0,'Bronze',NULL,0,0.00,0,NULL,NULL,0,0,0.00,0,0,NULL),(1447685929,NULL,1447685929,'2025-03-29 04:02:44','RUB',NULL,NULL,NULL,NULL,'2025-03-29 04:02:44',1000,0,'Bronze',NULL,0,0.00,0,NULL,NULL,0,0,0.00,0,0,NULL),(1474448927,NULL,1474448927,'2025-02-16 12:21:54','RUB',NULL,NULL,NULL,NULL,'2025-02-16 12:21:54',1000,0,'Bronze',NULL,0,0.00,0,NULL,NULL,0,0,0.00,0,0,NULL),(1521205740,NULL,1521205740,'2024-12-20 19:15:22','RUB',NULL,NULL,NULL,NULL,'2024-12-20 19:15:22',900,1500,'Silver',NULL,0,0.00,0,NULL,NULL,0,0,0.00,0,0,NULL),(1567827415,NULL,1567827415,'2024-12-15 14:48:01','RUB',NULL,NULL,NULL,NULL,'2024-12-15 14:48:01',900,1500,'Silver',NULL,0,0.00,0,NULL,NULL,0,0,0.00,0,0,NULL),(1583136451,NULL,1036659666,'2024-11-04 07:52:52','RUB',NULL,NULL,NULL,NULL,'2024-11-04 07:52:52',900,1500,'Silver',NULL,0,0.00,0,NULL,NULL,0,0,0.00,0,0,NULL),(1828954283,NULL,1828954283,'2025-08-23 11:33:55','RUB',NULL,NULL,NULL,NULL,'2025-08-23 11:33:55',1000,0,'Bronze',NULL,0,0.00,0,NULL,NULL,0,0,0.00,0,0,NULL),(1851358829,NULL,1851358829,'2024-12-03 17:54:29','RUB',NULL,NULL,NULL,NULL,'2024-12-03 17:54:29',900,1500,'Silver',NULL,0,0.00,0,NULL,NULL,0,0,0.00,0,0,NULL),(1926491129,NULL,1926491129,'2025-08-31 09:31:40','RUB',NULL,NULL,NULL,NULL,'2025-08-31 09:31:40',1000,0,'Bronze',NULL,0,0.00,0,NULL,NULL,0,0,0.00,0,0,NULL),(1963931026,NULL,1963931026,'2025-06-06 12:04:30','RUB',NULL,NULL,NULL,NULL,'2025-06-06 12:04:30',1000,0,'Bronze',NULL,0,0.00,0,NULL,NULL,0,0,0.00,0,0,NULL),(1978568288,NULL,1978568288,'2025-08-28 04:04:53','RUB',NULL,NULL,NULL,NULL,'2025-08-28 04:04:53',1000,0,'Bronze',NULL,0,0.00,0,NULL,NULL,0,0,0.00,0,0,NULL),(1994127196,NULL,1036659666,'2024-11-01 15:10:34','RUB',NULL,NULL,NULL,NULL,'2024-11-01 15:10:34',900,1500,'Silver',NULL,0,0.00,0,NULL,NULL,0,0,0.00,0,0,NULL),(2090320897,NULL,1036659666,'2024-11-01 18:52:26','RUB',NULL,NULL,NULL,NULL,'2024-11-01 18:52:26',900,1500,'Silver',NULL,0,0.00,0,NULL,NULL,0,0,0.00,0,0,NULL),(5153546603,NULL,5153546603,'2025-04-06 18:02:22','RUB',NULL,NULL,NULL,NULL,'2025-04-06 18:02:22',1000,0,'Bronze',NULL,0,0.00,0,NULL,NULL,0,0,0.00,0,0,NULL),(5165166131,NULL,5165166131,'2024-12-04 04:14:34','RUB',NULL,NULL,NULL,NULL,'2024-12-04 04:14:34',900,1500,'Silver',NULL,0,0.00,0,NULL,NULL,0,0,0.00,0,0,NULL),(5195763716,NULL,5195763716,'2024-11-01 12:00:52','RUB',NULL,NULL,NULL,NULL,'2024-11-01 12:00:52',900,1500,'Silver',NULL,0,0.00,0,NULL,NULL,0,0,0.00,0,0,NULL),(5199938155,NULL,1036659666,'2024-11-01 15:38:03','RUB',NULL,NULL,NULL,NULL,'2024-11-01 15:38:03',900,1500,'Silver',NULL,0,0.00,0,NULL,NULL,0,0,0.00,0,0,NULL),(5382722972,NULL,5382722972,'2025-09-15 17:31:54','RUB',NULL,NULL,NULL,NULL,'2025-09-15 17:31:54',1000,0,'Bronze',NULL,0,0.00,0,NULL,NULL,0,0,0.00,0,0,NULL),(5400600570,NULL,1036659666,'2025-02-28 06:22:16','RUB',NULL,NULL,NULL,NULL,'2025-02-28 06:22:16',1000,0,'Bronze',NULL,0,0.00,0,NULL,NULL,0,0,0.00,0,0,NULL),(5478035703,NULL,5478035703,'2025-06-17 19:48:01','RUB',NULL,NULL,NULL,NULL,'2025-06-17 19:48:01',1000,140,'Bronze',NULL,0,0.00,0,NULL,NULL,0,1,0.00,0,0,NULL),(5617361678,NULL,5617361678,'2025-08-27 13:25:09','RUB',NULL,NULL,NULL,NULL,'2025-08-27 13:25:09',1000,140,'Bronze',NULL,0,0.00,0,NULL,NULL,0,1,0.00,0,0,NULL),(5803006400,NULL,5803006400,'2025-08-21 16:33:16','RUB',NULL,NULL,NULL,NULL,'2025-08-21 16:33:16',1000,0,'Bronze',NULL,0,0.00,0,NULL,NULL,0,0,0.00,0,0,NULL),(5872864953,NULL,5872864953,'2025-11-23 15:53:53','RUB',NULL,NULL,NULL,NULL,NULL,1000,0,'Bronze',NULL,0,0.00,0,NULL,NULL,0,0,0.00,0,0,NULL),(6283287374,NULL,6283287374,'2025-03-02 17:05:39','RUB',NULL,NULL,NULL,NULL,'2025-03-02 17:05:39',1000,0,'Bronze',NULL,0,0.00,0,NULL,NULL,0,0,0.00,0,0,NULL),(6461487686,NULL,1036659666,'2024-11-01 15:09:46','RUB',NULL,NULL,NULL,NULL,'2024-11-01 15:09:46',900,1500,'Silver',NULL,0,0.00,0,NULL,NULL,0,0,0.00,0,0,NULL),(6716490444,NULL,6716490444,'2025-08-23 11:25:25','RUB',NULL,NULL,NULL,NULL,'2025-08-23 11:25:25',1000,0,'Bronze',NULL,0,0.00,0,NULL,NULL,0,0,0.00,0,0,NULL),(6948441811,NULL,6948441811,'2025-06-03 13:05:25','RUB',NULL,NULL,NULL,NULL,'2025-06-03 13:05:25',1000,0,'Bronze',NULL,0,0.00,0,NULL,NULL,0,0,0.00,0,0,NULL),(7377238020,NULL,1036659666,'2024-11-01 18:52:53','RUB',NULL,NULL,NULL,NULL,'2024-11-01 18:52:53',900,1500,'Silver',NULL,0,0.00,0,NULL,NULL,0,0,0.00,0,0,NULL),(7381955570,NULL,7381955570,'2025-07-09 20:45:09','RUB',NULL,NULL,NULL,NULL,'2025-07-09 20:45:09',1000,0,'Bronze',NULL,0,0.00,0,NULL,NULL,0,0,0.00,0,0,NULL),(7696515351,NULL,690296532,'2024-10-31 13:35:36','RUB','poizonic',NULL,'poizonic_manager',NULL,'2026-01-30 09:04:03',900,1500,'Silver','2026-01-30',1,0.00,0,NULL,NULL,0,0,402.00,0,0,NULL),(7721399727,NULL,7721399727,'2025-08-25 16:47:00','RUB',NULL,NULL,NULL,NULL,'2025-08-25 16:47:00',1000,0,'Bronze',NULL,0,0.00,0,NULL,NULL,0,0,0.00,0,0,NULL),(7812541843,NULL,7812541843,'2025-08-21 01:04:12','RUB',NULL,NULL,NULL,NULL,'2025-08-21 01:04:12',1000,0,'Bronze',NULL,0,0.00,0,NULL,NULL,0,0,0.00,0,0,NULL),(8105197501,NULL,8105197501,'2025-08-20 10:37:41','RUB',NULL,NULL,NULL,NULL,'2025-08-20 10:37:41',1000,0,'Bronze',NULL,0,0.00,0,NULL,NULL,0,0,0.00,0,0,NULL),(8201864143,NULL,8201864143,'2025-08-21 03:39:19','RUB',NULL,NULL,NULL,NULL,'2025-08-21 03:39:19',1000,0,'Bronze',NULL,0,0.00,0,NULL,NULL,0,0,0.00,0,0,NULL);
/*!40000 ALTER TABLE `users` ENABLE KEYS */;
UNLOCK TABLES;

--
-- Table structure for table `xp_history`
--

DROP TABLE IF EXISTS `xp_history`;
/*!40101 SET @saved_cs_client     = @@character_set_client */;
/*!50503 SET character_set_client = utf8mb4 */;
CREATE TABLE `xp_history` (
  `id` int NOT NULL AUTO_INCREMENT,
  `telegram_id` bigint NOT NULL,
  `xp_amount` int NOT NULL COMMENT 'Amount of XP gained (can be negative)',
  `source` varchar(100) COLLATE utf8mb4_unicode_ci NOT NULL COMMENT 'Source of XP: order, yuan_purchase, referral, achievement',
  `source_id` int DEFAULT NULL COMMENT 'ID of the source (order_id, purchase_id, etc.)',
  `description` text COLLATE utf8mb4_unicode_ci COMMENT 'Optional description',
  `created_at` timestamp NULL DEFAULT CURRENT_TIMESTAMP,
  PRIMARY KEY (`id`),
  KEY `idx_telegram_id` (`telegram_id`),
  KEY `idx_source` (`source`),
  KEY `idx_created_at` (`created_at`),
  KEY `idx_xp_history_telegram` (`telegram_id`),
  KEY `idx_xp_history_source` (`source`),
  KEY `idx_xp_history_created` (`created_at`),
  CONSTRAINT `xp_history_ibfk_1` FOREIGN KEY (`telegram_id`) REFERENCES `users` (`telegram_id`) ON DELETE CASCADE
) ENGINE=InnoDB AUTO_INCREMENT=183 DEFAULT CHARSET=utf8mb4 COLLATE=utf8mb4_unicode_ci;
/*!40101 SET character_set_client = @saved_cs_client */;

--
-- Dumping data for table `xp_history`
--

LOCK TABLES `xp_history` WRITE;
/*!40000 ALTER TABLE `xp_history` DISABLE KEYS */;
INSERT INTO `xp_history` VALUES (1,0,100,'test',NULL,'Тестовое начисление XP','2025-10-24 13:43:16'),(2,0,100,'test',NULL,'Тестовое начисление XP','2025-10-24 13:58:00'),(3,690296532,171,'yuan_purchase',25,'Покупка юаней подтверждена','2025-12-09 15:44:35'),(4,0,100,'order',28,'Заказ #28 подтвержден (backfill)','2026-01-27 18:14:33'),(5,0,100,'order',29,'Заказ #29 подтвержден (backfill)','2026-01-27 18:14:33'),(6,0,100,'order',30,'Заказ #30 подтвержден (backfill)','2026-01-27 18:14:33'),(7,0,100,'order',31,'Заказ #31 подтвержден (backfill)','2026-01-27 18:14:33'),(8,0,100,'order',32,'Заказ #32 подтвержден (backfill)','2026-01-27 18:14:33'),(9,0,100,'order',33,'Заказ #33 подтвержден (backfill)','2026-01-27 18:14:33'),(10,0,100,'order',34,'Заказ #34 подтвержден (backfill)','2026-01-27 18:14:33'),(11,0,100,'order',35,'Заказ #35 подтвержден (backfill)','2026-01-27 18:14:33'),(12,0,100,'order',36,'Заказ #36 подтвержден (backfill)','2026-01-27 18:14:33'),(13,0,100,'order',37,'Заказ #37 подтвержден (backfill)','2026-01-27 18:14:33'),(14,0,100,'order',38,'Заказ #38 подтвержден (backfill)','2026-01-27 18:14:33'),(15,0,100,'order',39,'Заказ #39 подтвержден (backfill)','2026-01-27 18:14:33'),(16,0,100,'order',40,'Заказ #40 подтвержден (backfill)','2026-01-27 18:14:33'),(17,0,100,'order',41,'Заказ #41 подтвержден (backfill)','2026-01-27 18:14:33'),(18,0,100,'order',42,'Заказ #42 подтвержден (backfill)','2026-01-27 18:14:33'),(19,0,100,'order',43,'Заказ #43 подтвержден (backfill)','2026-01-27 18:14:33'),(20,0,100,'order',44,'Заказ #44 подтвержден (backfill)','2026-01-27 18:14:33'),(21,0,100,'order',45,'Заказ #45 подтвержден (backfill)','2026-01-27 18:14:33'),(22,0,100,'order',46,'Заказ #46 подтвержден (backfill)','2026-01-27 18:14:33'),(23,0,100,'order',48,'Заказ #48 подтвержден (backfill)','2026-01-27 18:14:33'),(24,0,100,'order',49,'Заказ #49 подтвержден (backfill)','2026-01-27 18:14:33'),(25,0,25,'yuan_purchase',1,'Покупка юаней #1 подтверждена (backfill)','2026-01-27 18:14:33'),(26,0,123,'yuan_purchase',2,'Покупка юаней #2 подтверждена (backfill)','2026-01-27 18:14:33'),(27,0,123,'yuan_purchase',3,'Покупка юаней #3 подтверждена (backfill)','2026-01-27 18:14:33'),(28,0,246,'yuan_purchase',4,'Покупка юаней #4 подтверждена (backfill)','2026-01-27 18:14:33'),(29,0,123,'yuan_purchase',5,'Покупка юаней #5 подтверждена (backfill)','2026-01-27 18:14:33'),(30,0,1199,'yuan_purchase',6,'Покупка юаней #6 подтверждена (backfill)','2026-01-27 18:14:33'),(31,0,151,'yuan_purchase',8,'Покупка юаней #8 подтверждена (backfill)','2026-01-27 18:14:33'),(32,0,136,'yuan_purchase',9,'Покупка юаней #9 подтверждена (backfill)','2026-01-27 18:14:33'),(33,0,40,'achievement',1,'Unlocked: Дракон-новичок','2026-01-27 18:14:33'),(34,0,80,'achievement',2,'Unlocked: Удачный старт','2026-01-27 18:14:33'),(35,0,150,'achievement',3,'Unlocked: Императорский шаг','2026-01-27 18:14:33'),(36,0,300,'achievement',5,'Unlocked: Марафон заказов','2026-01-27 18:14:33'),(37,0,400,'achievement',7,'Unlocked: Юбилейный заказ','2026-01-27 18:14:33'),(38,0,600,'achievement',8,'Unlocked: Мастер доставки','2026-01-27 18:14:33'),(39,0,80,'achievement',6,'Unlocked: Суточный ритм','2026-01-27 18:14:33'),(40,0,200,'achievement',9,'Unlocked: Дракон-охотник','2026-01-27 18:14:33'),(41,0,40,'achievement',11,'Unlocked: Первый обмен','2026-01-27 18:14:33'),(42,0,80,'achievement',12,'Unlocked: Юань-новичок','2026-01-27 18:14:33'),(43,0,150,'achievement',13,'Unlocked: Валютный дракон','2026-01-27 18:14:33'),(44,0,400,'achievement',14,'Unlocked: Объемный обмен','2026-01-27 18:14:33'),(45,0,1500,'achievement',15,'Unlocked: Мастер валют','2026-01-27 18:14:33'),(46,0,40,'achievement',21,'Unlocked: Ежедневный ритуал','2026-01-27 18:14:33'),(47,0,150,'achievement',22,'Unlocked: Лунный цикл','2026-01-27 18:14:33'),(48,123456789,40,'achievement',21,'Unlocked: Ежедневный ритуал','2026-01-27 18:14:33'),(49,185457274,1500,'achievement',23,'Unlocked: Год удачи','2026-01-27 18:14:33'),(50,273683665,1500,'achievement',23,'Unlocked: Год удачи','2026-01-27 18:14:33'),(51,290081159,1500,'achievement',23,'Unlocked: Год удачи','2026-01-27 18:14:33'),(52,308185566,1500,'achievement',23,'Unlocked: Год удачи','2026-01-27 18:14:33'),(53,313444368,1500,'achievement',23,'Unlocked: Год удачи','2026-01-27 18:14:33'),(54,329781549,100,'order',2,'Заказ #2 подтвержден (backfill)','2026-01-27 18:14:33'),(55,329781549,40,'achievement',1,'Unlocked: Дракон-новичок','2026-01-27 18:14:33'),(56,329781549,80,'achievement',6,'Unlocked: Суточный ритм','2026-01-27 18:14:33'),(57,329781549,1500,'achievement',23,'Unlocked: Год удачи','2026-01-27 18:14:33'),(58,408141354,1500,'achievement',23,'Unlocked: Год удачи','2026-01-27 18:14:33'),(59,408827700,1500,'achievement',23,'Unlocked: Год удачи','2026-01-27 18:14:33'),(60,415666490,1500,'achievement',23,'Unlocked: Год удачи','2026-01-27 18:14:33'),(61,474678258,1500,'achievement',23,'Unlocked: Год удачи','2026-01-27 18:14:33'),(62,497732222,1500,'achievement',23,'Unlocked: Год удачи','2026-01-27 18:14:33'),(63,506177890,100,'order',18,'Заказ #18 подтвержден (backfill)','2026-01-27 18:14:33'),(64,506177890,100,'order',19,'Заказ #19 подтвержден (backfill)','2026-01-27 18:14:33'),(65,506177890,40,'achievement',1,'Unlocked: Дракон-новичок','2026-01-27 18:14:33'),(66,506177890,80,'achievement',6,'Unlocked: Суточный ритм','2026-01-27 18:14:33'),(67,506177890,200,'achievement',9,'Unlocked: Дракон-охотник','2026-01-27 18:14:33'),(68,608455063,100,'order',1,'Заказ #1 подтвержден (backfill)','2026-01-27 18:14:33'),(69,608455063,40,'achievement',1,'Unlocked: Дракон-новичок','2026-01-27 18:14:33'),(70,608455063,1500,'achievement',23,'Unlocked: Год удачи','2026-01-27 18:14:33'),(71,642587459,100,'order',16,'Заказ #16 подтвержден (backfill)','2026-01-27 18:14:33'),(72,642587459,100,'order',23,'Заказ #23 подтвержден (backfill)','2026-01-27 18:14:33'),(73,642587459,40,'achievement',1,'Unlocked: Дракон-новичок','2026-01-27 18:14:33'),(74,642587459,80,'achievement',6,'Unlocked: Суточный ритм','2026-01-27 18:14:33'),(75,642587459,200,'achievement',9,'Unlocked: Дракон-охотник','2026-01-27 18:14:33'),(76,642587459,1500,'achievement',23,'Unlocked: Год удачи','2026-01-27 18:14:33'),(77,680866570,1500,'achievement',23,'Unlocked: Год удачи','2026-01-27 18:14:33'),(78,682036582,1500,'achievement',23,'Unlocked: Год удачи','2026-01-27 18:14:33'),(79,685402817,100,'order',24,'Заказ #24 подтвержден (backfill)','2026-01-27 18:14:33'),(80,685402817,40,'achievement',1,'Unlocked: Дракон-новичок','2026-01-27 18:14:33'),(81,690296532,100,'order',3,'Заказ #3 подтвержден (backfill)','2026-01-27 18:14:33'),(82,690296532,100,'order',4,'Заказ #4 подтвержден (backfill)','2026-01-27 18:14:33'),(83,690296532,100,'order',5,'Заказ #5 подтвержден (backfill)','2026-01-27 18:14:33'),(84,690296532,100,'order',6,'Заказ #6 подтвержден (backfill)','2026-01-27 18:14:33'),(85,690296532,100,'order',7,'Заказ #7 подтвержден (backfill)','2026-01-27 18:14:33'),(86,690296532,100,'order',8,'Заказ #8 подтвержден (backfill)','2026-01-27 18:14:33'),(87,690296532,100,'order',10,'Заказ #10 подтвержден (backfill)','2026-01-27 18:14:33'),(88,690296532,100,'order',11,'Заказ #11 подтвержден (backfill)','2026-01-27 18:14:33'),(89,690296532,100,'order',13,'Заказ #13 подтвержден (backfill)','2026-01-27 18:14:33'),(90,690296532,100,'order',14,'Заказ #14 подтвержден (backfill)','2026-01-27 18:14:33'),(91,690296532,100,'order',15,'Заказ #15 подтвержден (backfill)','2026-01-27 18:14:33'),(92,690296532,100,'order',69,'Заказ #69 подтвержден (backfill)','2026-01-27 18:14:33'),(93,690296532,100,'order',70,'Заказ #70 подтвержден (backfill)','2026-01-27 18:14:33'),(94,690296532,100,'order',71,'Заказ #71 подтвержден (backfill)','2026-01-27 18:14:33'),(95,690296532,50,'referral',2147483647,'Приглашен реферал: 7696515351 (backfill)','2026-01-27 18:14:33'),(96,690296532,40,'achievement',1,'Unlocked: Дракон-новичок','2026-01-27 18:14:33'),(97,690296532,80,'achievement',2,'Unlocked: Удачный старт','2026-01-27 18:14:33'),(98,690296532,150,'achievement',3,'Unlocked: Императорский шаг','2026-01-27 18:14:33'),(99,690296532,300,'achievement',5,'Unlocked: Марафон заказов','2026-01-27 18:14:33'),(100,690296532,400,'achievement',7,'Unlocked: Юбилейный заказ','2026-01-27 18:14:33'),(101,690296532,80,'achievement',6,'Unlocked: Суточный ритм','2026-01-27 18:14:33'),(102,690296532,200,'achievement',9,'Unlocked: Дракон-охотник','2026-01-27 18:14:33'),(103,690296532,40,'achievement',11,'Unlocked: Первый обмен','2026-01-27 18:14:33'),(104,690296532,80,'achievement',12,'Unlocked: Юань-новичок','2026-01-27 18:14:33'),(105,690296532,1500,'achievement',23,'Unlocked: Год удачи','2026-01-27 18:14:33'),(106,705908040,1500,'achievement',23,'Unlocked: Год удачи','2026-01-27 18:14:33'),(107,722566069,1500,'achievement',23,'Unlocked: Год удачи','2026-01-27 18:14:33'),(108,732980249,1500,'achievement',23,'Unlocked: Год удачи','2026-01-27 18:14:33'),(109,746847591,100,'order',21,'Заказ #21 подтвержден (backfill)','2026-01-27 18:14:33'),(110,746847591,40,'achievement',1,'Unlocked: Дракон-новичок','2026-01-27 18:14:33'),(111,753497988,100,'order',17,'Заказ #17 подтвержден (backfill)','2026-01-27 18:14:34'),(112,753497988,40,'achievement',1,'Unlocked: Дракон-новичок','2026-01-27 18:14:34'),(113,758363012,1500,'achievement',23,'Unlocked: Год удачи','2026-01-27 18:14:34'),(114,766350210,50,'referral',877011555,'Приглашен реферал: 877011555 (backfill)','2026-01-27 18:14:34'),(115,766350210,50,'referral',905244409,'Приглашен реферал: 905244409 (backfill)','2026-01-27 18:14:34'),(116,766350210,50,'referral',497732222,'Приглашен реферал: 497732222 (backfill)','2026-01-27 18:14:34'),(117,766350210,50,'referral',680866570,'Приглашен реферал: 680866570 (backfill)','2026-01-27 18:14:34'),(118,766350210,50,'referral',974931305,'Приглашен реферал: 974931305 (backfill)','2026-01-27 18:14:34'),(119,766350210,200,'achievement',17,'Unlocked: Цепочка удачи','2026-01-27 18:14:34'),(120,766350210,1500,'achievement',23,'Unlocked: Год удачи','2026-01-27 18:14:34'),(121,784502930,1500,'achievement',23,'Unlocked: Год удачи','2026-01-27 18:14:34'),(122,784586573,100,'order',9,'Заказ #9 подтвержден (backfill)','2026-01-27 18:14:34'),(123,784586573,100,'order',12,'Заказ #12 подтвержден (backfill)','2026-01-27 18:14:34'),(124,784586573,100,'order',20,'Заказ #20 подтвержден (backfill)','2026-01-27 18:14:34'),(125,784586573,40,'achievement',1,'Unlocked: Дракон-новичок','2026-01-27 18:14:34'),(126,784586573,80,'achievement',2,'Unlocked: Удачный старт','2026-01-27 18:14:34'),(127,784586573,80,'achievement',6,'Unlocked: Суточный ритм','2026-01-27 18:14:34'),(128,784586573,200,'achievement',9,'Unlocked: Дракон-охотник','2026-01-27 18:14:34'),(129,784586573,1500,'achievement',23,'Unlocked: Год удачи','2026-01-27 18:14:34'),(130,797098064,1500,'achievement',23,'Unlocked: Год удачи','2026-01-27 18:14:34'),(131,848491886,100,'order',25,'Заказ #25 подтвержден (backfill)','2026-01-27 18:14:34'),(132,848491886,100,'order',26,'Заказ #26 подтвержден (backfill)','2026-01-27 18:14:34'),(133,848491886,40,'achievement',1,'Unlocked: Дракон-новичок','2026-01-27 18:14:34'),(134,848491886,200,'achievement',9,'Unlocked: Дракон-охотник','2026-01-27 18:14:34'),(135,852432916,50,'referral',408827700,'Приглашен реферал: 408827700 (backfill)','2026-01-27 18:14:34'),(136,852432916,1500,'achievement',23,'Unlocked: Год удачи','2026-01-27 18:14:34'),(137,877011555,1500,'achievement',23,'Unlocked: Год удачи','2026-01-27 18:14:34'),(138,905244409,1500,'achievement',23,'Unlocked: Год удачи','2026-01-27 18:14:34'),(139,934557079,1500,'achievement',23,'Unlocked: Год удачи','2026-01-27 18:14:34'),(140,958893114,1500,'achievement',23,'Unlocked: Год удачи','2026-01-27 18:14:34'),(141,969347933,1500,'achievement',23,'Unlocked: Год удачи','2026-01-27 18:14:34'),(142,974931305,1500,'achievement',23,'Unlocked: Год удачи','2026-01-27 18:14:34'),(143,981291448,1500,'achievement',23,'Unlocked: Год удачи','2026-01-27 18:14:34'),(144,1036659666,50,'referral',758363012,'Приглашен реферал: 758363012 (backfill)','2026-01-27 18:14:34'),(145,1036659666,50,'referral',784502930,'Приглашен реферал: 784502930 (backfill)','2026-01-27 18:14:34'),(146,1036659666,50,'referral',2147483647,'Приглашен реферал: 6461487686 (backfill)','2026-01-27 18:14:34'),(147,1036659666,50,'referral',1994127196,'Приглашен реферал: 1994127196 (backfill)','2026-01-27 18:14:34'),(148,1036659666,50,'referral',969347933,'Приглашен реферал: 969347933 (backfill)','2026-01-27 18:14:34'),(149,1036659666,50,'referral',1126530598,'Приглашен реферал: 1126530598 (backfill)','2026-01-27 18:14:34'),(150,1036659666,50,'referral',2147483647,'Приглашен реферал: 5199938155 (backfill)','2026-01-27 18:14:34'),(151,1036659666,50,'referral',290081159,'Приглашен реферал: 290081159 (backfill)','2026-01-27 18:14:34'),(152,1036659666,50,'referral',934557079,'Приглашен реферал: 934557079 (backfill)','2026-01-27 18:14:34'),(153,1036659666,50,'referral',2090320897,'Приглашен реферал: 2090320897 (backfill)','2026-01-27 18:14:34'),(154,1036659666,50,'referral',2147483647,'Приглашен реферал: 7377238020 (backfill)','2026-01-27 18:14:34'),(155,1036659666,50,'referral',1115662623,'Приглашен реферал: 1115662623 (backfill)','2026-01-27 18:14:34'),(156,1036659666,50,'referral',1180254467,'Приглашен реферал: 1180254467 (backfill)','2026-01-27 18:14:34'),(157,1036659666,50,'referral',1583136451,'Приглашен реферал: 1583136451 (backfill)','2026-01-27 18:14:34'),(158,1036659666,50,'referral',2147483647,'Приглашен реферал: 5400600570 (backfill)','2026-01-27 18:14:34'),(159,1036659666,200,'achievement',17,'Unlocked: Цепочка удачи','2026-01-27 18:14:34'),(160,1036659666,600,'achievement',19,'Unlocked: Реферальный марафон','2026-01-27 18:14:34'),(161,1036659666,1500,'achievement',23,'Unlocked: Год удачи','2026-01-27 18:14:34'),(162,1082392894,1500,'achievement',23,'Unlocked: Год удачи','2026-01-27 18:14:34'),(163,1083281516,1500,'achievement',23,'Unlocked: Год удачи','2026-01-27 18:14:34'),(164,1115662623,1500,'achievement',23,'Unlocked: Год удачи','2026-01-27 18:14:34'),(165,1126530598,1500,'achievement',23,'Unlocked: Год удачи','2026-01-27 18:14:34'),(166,1180254467,1500,'achievement',23,'Unlocked: Год удачи','2026-01-27 18:14:34'),(167,1521205740,1500,'achievement',23,'Unlocked: Год удачи','2026-01-27 18:14:34'),(168,1567827415,1500,'achievement',23,'Unlocked: Год удачи','2026-01-27 18:14:34'),(169,1583136451,1500,'achievement',23,'Unlocked: Год удачи','2026-01-27 18:14:34'),(170,1851358829,1500,'achievement',23,'Unlocked: Год удачи','2026-01-27 18:14:34'),(171,1994127196,1500,'achievement',23,'Unlocked: Год удачи','2026-01-27 18:14:34'),(172,2090320897,1500,'achievement',23,'Unlocked: Год удачи','2026-01-27 18:14:34'),(173,5165166131,1500,'achievement',23,'Unlocked: Год удачи','2026-01-27 18:14:34'),(174,5195763716,1500,'achievement',23,'Unlocked: Год удачи','2026-01-27 18:14:34'),(175,5199938155,1500,'achievement',23,'Unlocked: Год удачи','2026-01-27 18:14:34'),(176,5478035703,100,'order',22,'Заказ #22 подтвержден (backfill)','2026-01-27 18:14:34'),(177,5478035703,40,'achievement',1,'Unlocked: Дракон-новичок','2026-01-27 18:14:34'),(178,5617361678,100,'order',27,'Заказ #27 подтвержден (backfill)','2026-01-27 18:14:34'),(179,5617361678,40,'achievement',1,'Unlocked: Дракон-новичок','2026-01-27 18:14:34'),(180,6461487686,1500,'achievement',23,'Unlocked: Год удачи','2026-01-27 18:14:34'),(181,7377238020,1500,'achievement',23,'Unlocked: Год удачи','2026-01-27 18:14:34'),(182,7696515351,1500,'achievement',23,'Unlocked: Год удачи','2026-01-27 18:14:34');
/*!40000 ALTER TABLE `xp_history` ENABLE KEYS */;
UNLOCK TABLES;

--
-- Table structure for table `yuan_purchases`
--

DROP TABLE IF EXISTS `yuan_purchases`;
/*!40101 SET @saved_cs_client     = @@character_set_client */;
/*!50503 SET character_set_client = utf8mb4 */;
CREATE TABLE `yuan_purchases` (
  `id` int NOT NULL AUTO_INCREMENT,
  `telegram_id` bigint NOT NULL,
  `amount_rub` decimal(10,2) NOT NULL,
  `amount_cny` decimal(10,2) NOT NULL,
  `exchange_rate` decimal(8,4) NOT NULL,
  `favorable_rate` decimal(8,4) NOT NULL,
  `savings` decimal(10,2) DEFAULT '0.00',
  `status` enum('pending','completed','cancelled') COLLATE utf8mb4_unicode_ci DEFAULT 'pending',
  `created_at` timestamp NULL DEFAULT CURRENT_TIMESTAMP,
  `updated_at` timestamp NULL DEFAULT CURRENT_TIMESTAMP ON UPDATE CURRENT_TIMESTAMP,
  PRIMARY KEY (`id`),
  KEY `telegram_id` (`telegram_id`),
  KEY `created_at` (`created_at`),
  KEY `status` (`status`),
  KEY `idx_yuan_purchases_status` (`status`),
  KEY `idx_yuan_purchases_telegram_id_status` (`telegram_id`,`status`),
  KEY `idx_yuan_telegram_id` (`telegram_id`),
  KEY `idx_yuan_created_at` (`created_at`),
  KEY `idx_yuan_status` (`status`),
  KEY `idx_yuan_telegram_created` (`telegram_id`,`created_at`),
  KEY `idx_yuan_analytics` (`created_at`,`status`,`amount_cny`),
  CONSTRAINT `yuan_purchases_ibfk_1` FOREIGN KEY (`telegram_id`) REFERENCES `users` (`telegram_id`) ON DELETE CASCADE
) ENGINE=InnoDB AUTO_INCREMENT=31 DEFAULT CHARSET=utf8mb4 COLLATE=utf8mb4_unicode_ci;
/*!40101 SET character_set_client = @saved_cs_client */;

--
-- Dumping data for table `yuan_purchases`
--

LOCK TABLES `yuan_purchases` WRITE;
/*!40000 ALTER TABLE `yuan_purchases` DISABLE KEYS */;
INSERT INTO `yuan_purchases` VALUES (1,0,2556.00,200.00,12.5000,12.7800,-0.98,'completed','2025-09-28 13:32:50','2025-09-28 19:10:42'),(2,0,12300.00,1000.00,12.5000,12.3000,475.10,'completed','2025-09-28 13:40:38','2025-09-28 19:10:42'),(3,0,12300.00,1000.00,12.5000,12.3000,475.10,'completed','2025-09-28 13:47:16','2025-09-28 19:10:42'),(4,0,24600.00,2000.00,12.5000,12.3000,950.20,'completed','2025-09-28 13:59:30','2025-09-28 19:10:42'),(5,0,12300.00,1000.00,12.5000,12.3000,475.10,'completed','2025-09-28 14:49:24','2025-09-28 19:10:42'),(6,0,119951.00,10000.00,12.5000,11.9951,7800.00,'completed','2025-09-28 19:19:21','2025-09-28 19:19:34'),(7,0,12295.10,1000.00,12.5000,12.2951,480.00,'cancelled','2025-09-28 19:20:13','2025-09-28 19:25:38'),(8,0,15172.15,1234.00,12.5000,12.2951,592.32,'completed','2025-09-28 19:25:17','2025-09-28 19:25:36'),(9,0,13659.86,1111.00,12.5000,12.2951,533.28,'completed','2025-09-28 19:35:27','2025-09-28 19:35:48'),(10,0,12307.40,1001.00,12.5000,12.2951,480.48,'pending','2025-09-28 19:50:26','2025-09-28 19:50:26'),(11,0,12178.10,1000.00,12.5000,12.1781,480.00,'pending','2025-10-06 15:23:18','2025-10-06 15:23:18'),(12,0,12979.04,1111.00,12.5000,11.6823,533.28,'pending','2025-10-16 19:37:21','2025-10-16 19:37:21'),(13,0,12979.04,1111.00,12.5000,11.6823,533.28,'pending','2025-10-16 19:42:40','2025-10-16 19:42:40'),(14,0,25958.07,2222.00,12.5000,11.6823,1066.56,'pending','2025-10-16 19:47:42','2025-10-16 19:47:42'),(15,0,14404.28,1233.00,12.5000,11.6823,591.84,'pending','2025-10-16 20:43:41','2025-10-16 20:43:41'),(16,0,4195.99,345.00,12.5000,12.1623,0.00,'pending','2025-10-16 21:01:00','2025-10-16 21:01:00'),(17,0,13014.08,1114.00,12.5000,11.6823,534.72,'pending','2025-10-16 21:04:10','2025-10-16 21:04:10'),(18,0,13025.76,1115.00,12.5000,11.6823,535.20,'pending','2025-10-16 21:04:20','2025-10-16 21:04:20'),(20,0,11915.20,1000.00,12.5000,11.9152,480.00,'pending','2025-10-30 22:15:34','2025-10-30 22:15:34'),(21,690296532,113411.00,10000.00,12.5000,11.3411,7800.00,'pending','2025-11-28 15:21:43','2025-11-28 15:21:43'),(22,690296532,113411.00,10000.00,12.5000,11.3411,7800.00,'pending','2025-11-28 15:30:13','2025-11-28 15:30:13'),(23,690296532,2424.22,200.00,12.5000,12.1211,0.00,'pending','2025-11-28 15:30:25','2025-11-28 15:30:25'),(24,690296532,2424.22,200.00,12.5000,12.1211,0.00,'pending','2025-11-28 15:30:30','2025-11-28 15:30:30'),(25,690296532,17181.00,1500.00,12.5000,11.4540,720.00,'completed','2025-12-09 15:43:58','2025-12-09 15:44:34'),(26,690296532,23190.20,2000.00,12.5000,11.5951,960.00,'pending','2026-01-27 18:20:38','2026-01-27 18:20:38'),(27,690296532,2427.10,201.00,12.5000,12.0751,0.00,'pending','2026-01-27 18:21:18','2026-01-27 18:21:18'),(28,7696515351,2427.10,201.00,12.5000,12.0751,0.00,'pending','2026-01-27 18:23:00','2026-01-27 18:23:00'),(29,7696515351,2427.10,201.00,12.5000,12.0751,0.00,'pending','2026-01-27 18:35:08','2026-01-27 18:35:08'),(30,690296532,23190.20,2000.00,12.5000,11.5951,960.00,'pending','2026-01-27 18:36:34','2026-01-27 18:36:34');
/*!40000 ALTER TABLE `yuan_purchases` ENABLE KEYS */;
UNLOCK TABLES;
ALTER DATABASE `default_db` CHARACTER SET utf8mb3 COLLATE utf8mb3_general_ci ;
/*!50003 SET @saved_cs_client      = @@character_set_client */ ;
/*!50003 SET @saved_cs_results     = @@character_set_results */ ;
/*!50003 SET @saved_col_connection = @@collation_connection */ ;
/*!50003 SET character_set_client  = utf8mb4 */ ;
/*!50003 SET character_set_results = utf8mb4 */ ;
/*!50003 SET collation_connection  = utf8mb4_0900_ai_ci */ ;
/*!50003 SET @saved_sql_mode       = @@sql_mode */ ;
/*!50003 SET sql_mode              = 'STRICT_TRANS_TABLES' */ ;
DELIMITER ;;
/*!50003 CREATE*/ /*!50017 DEFINER=`gen_user`@`%`*/ /*!50003 TRIGGER `tr_yuan_purchases_after_insert` AFTER INSERT ON `yuan_purchases` FOR EACH ROW BEGIN
  CALL UpdateUserStats(NEW.telegram_id);
END */;;
DELIMITER ;
/*!50003 SET sql_mode              = @saved_sql_mode */ ;
/*!50003 SET character_set_client  = @saved_cs_client */ ;
/*!50003 SET character_set_results = @saved_cs_results */ ;
/*!50003 SET collation_connection  = @saved_col_connection */ ;
ALTER DATABASE `default_db` CHARACTER SET utf8mb4 COLLATE utf8mb4_unicode_ci ;

--
-- Dumping events for database 'default_db'
--

--
-- Dumping routines for database 'default_db'
--
/*!50003 DROP PROCEDURE IF EXISTS `UpdateUserStats` */;
/*!50003 SET @saved_cs_client      = @@character_set_client */ ;
/*!50003 SET @saved_cs_results     = @@character_set_results */ ;
/*!50003 SET @saved_col_connection = @@collation_connection */ ;
/*!50003 SET character_set_client  = utf8mb4 */ ;
/*!50003 SET character_set_results = utf8mb4 */ ;
/*!50003 SET collation_connection  = utf8mb4_0900_ai_ci */ ;
/*!50003 SET @saved_sql_mode       = @@sql_mode */ ;
/*!50003 SET sql_mode              = 'STRICT_TRANS_TABLES' */ ;
DELIMITER ;;
CREATE DEFINER=`gen_user`@`%` PROCEDURE `UpdateUserStats`(IN user_telegram_id BIGINT)
BEGIN
  DECLARE total_orders_count INT DEFAULT 0;
  DECLARE referrals_count INT DEFAULT 0;
  DECLARE yuan_purchases_count INT DEFAULT 0;
  DECLARE yuan_savings_amount DECIMAL(12,2) DEFAULT 0.00;
  DECLARE yuan_total_amount DECIMAL(12,2) DEFAULT 0.00;

  -- Считаем заказы
  SELECT COUNT(*) INTO total_orders_count FROM orders WHERE telegram_id = user_telegram_id;

  -- Считаем рефералов
  SELECT COUNT(*) INTO referrals_count FROM referrals WHERE referred_by = user_telegram_id;

  -- Считаем покупки юаней
  SELECT COUNT(*) INTO yuan_purchases_count FROM yuan_purchases WHERE telegram_id = user_telegram_id;

  -- Считаем общую сумму купленных юаней
  SELECT COALESCE(SUM(amount_cny), 0) INTO yuan_total_amount FROM yuan_purchases WHERE telegram_id = user_telegram_id;

  -- Обновляем статистику в таблице users
  UPDATE users 
  SET 
    total_orders = total_orders_count,
    total_referrals = referrals_count,
    total_yuan_bought = yuan_total_amount,
    last_activity = NOW()
  WHERE telegram_id = user_telegram_id;

END ;;
DELIMITER ;
/*!50003 SET sql_mode              = @saved_sql_mode */ ;
/*!50003 SET character_set_client  = @saved_cs_client */ ;
/*!50003 SET character_set_results = @saved_cs_results */ ;
/*!50003 SET collation_connection  = @saved_col_connection */ ;
SET @@SESSION.SQL_LOG_BIN = @MYSQLDUMP_TEMP_LOG_BIN;
/*!40103 SET TIME_ZONE=@OLD_TIME_ZONE */;

/*!40101 SET SQL_MODE=@OLD_SQL_MODE */;
/*!40014 SET FOREIGN_KEY_CHECKS=@OLD_FOREIGN_KEY_CHECKS */;
/*!40014 SET UNIQUE_CHECKS=@OLD_UNIQUE_CHECKS */;
/*!40101 SET CHARACTER_SET_CLIENT=@OLD_CHARACTER_SET_CLIENT */;
/*!40101 SET CHARACTER_SET_RESULTS=@OLD_CHARACTER_SET_RESULTS */;
/*!40101 SET COLLATION_CONNECTION=@OLD_COLLATION_CONNECTION */;
/*!40111 SET SQL_NOTES=@OLD_SQL_NOTES */;

-- Dump completed on 2026-01-30 14:03:47
